idna_subject,checker_type,destination,source,tested_at,session_id
1-1ads.com,AVAILABILITY,domains.list,domains.list,2023-03-29 10:35:40.365351,e491d717916d39196447e35d
101com.com,AVAILABILITY,domains.list,domains.list,2023-03-29 10:35:40.849387,e491d717916d39196447e35d
101order.com,AVAILABILITY,domains.list,domains.list,2023-03-29 10:36:01.298443,e491d717916d39196447e35d
123freeavatars.com,AVAILABILITY,domains.list,domains.list,2023-03-29 10:36:02.392554,e491d717916d39196447e35d
180hits.de,AVAILABILITY,domains.list,domains.list,2023-03-29 10:36:03.681789,e491d717916d39196447e35d
180searchassistant.com,AVAILABILITY,domains.list,domains.list,2023-03-29 10:36:05.538767,e491d717916d39196447e35d
1link2020.com,AVAILABILITY,domains.list,domains.list,2023-03-29 10:36:07.844104,e491d717916d39196447e35d
1rx.io,AVAILABILITY,domains.list,domains.list,2023-03-29 10:36:08.204756,e491d717916d39196447e35d
207.net,AVAILABILITY,domains.list,domains.list,2023-03-29 10:36:08.595843,e491d717916d39196447e35d
247media.com,AVAILABILITY,domains.list,domains.list,2023-03-29 10:36:29.171968,e491d717916d39196447e35d
24log.com,AVAILABILITY,domains.list,domains.list,2023-03-29 10:36:30.246194,e491d717916d39196447e35d
24log.de,AVAILABILITY,domains.list,domains.list,2023-03-29 10:36:31.255674,e491d717916d39196447e35d
24pm-affiliation.com,AVAILABILITY,domains.list,domains.list,2023-03-29 10:36:31.583497,e491d717916d39196447e35d
2mdn.net,AVAILABILITY,domains.list,domains.list,2023-03-29 10:36:31.992721,e491d717916d39196447e35d
2o7.net,AVAILABILITY,domains.list,domains.list,2023-03-29 10:36:32.356744,e491d717916d39196447e35d
2znp09oa.com,AVAILABILITY,domains.list,domains.list,2023-03-29 10:36:32.849210,e491d717916d39196447e35d
30ads.com,AVAILABILITY,domains.list,domains.list,2023-03-29 10:36:33.232656,e491d717916d39196447e35d
3337723.com,AVAILABILITY,domains.list,domains.list,2023-03-29 10:36:36.812838,e491d717916d39196447e35d
33across.com,AVAILABILITY,domains.list,domains.list,2023-03-29 10:36:37.404780,e491d717916d39196447e35d
360yield.com,AVAILABILITY,domains.list,domains.list,2023-03-29 10:36:39.480771,e491d717916d39196447e35d
3lift.com,AVAILABILITY,domains.list,domains.list,2023-03-29 10:36:40.081406,e491d717916d39196447e35d
3o9s.short.gy,AVAILABILITY,domains.list,domains.list,2023-03-29 10:36:40.898024,e491d717916d39196447e35d
4d5.net,AVAILABILITY,domains.list,domains.list,2023-03-29 10:36:41.454658,e491d717916d39196447e35d
4info.com,AVAILABILITY,domains.list,domains.list,2023-03-29 10:36:41.881217,e491d717916d39196447e35d
4jnzhl0d0.com,AVAILABILITY,domains.list,domains.list,2023-03-29 10:36:42.374862,e491d717916d39196447e35d
50websads.com,AVAILABILITY,domains.list,domains.list,2023-03-29 10:36:43.511064,e491d717916d39196447e35d
518ad.com,AVAILABILITY,domains.list,domains.list,2023-03-29 10:36:44.251854,e491d717916d39196447e35d
5mcwl.pw,AVAILABILITY,domains.list,domains.list,2023-03-29 10:36:44.732020,e491d717916d39196447e35d
6ldu6qa.com,AVAILABILITY,domains.list,domains.list,2023-03-29 10:36:45.228415,e491d717916d39196447e35d
6sc.co,AVAILABILITY,domains.list,domains.list,2023-03-29 10:36:45.632353,e491d717916d39196447e35d
777partner.com,AVAILABILITY,domains.list,domains.list,2023-03-29 10:36:48.601399,e491d717916d39196447e35d
77tracking.com,AVAILABILITY,domains.list,domains.list,2023-03-29 10:37:09.097109,e491d717916d39196447e35d
7bpeople.com,AVAILABILITY,domains.list,domains.list,2023-03-29 10:37:10.465672,e491d717916d39196447e35d
7search.com,AVAILABILITY,domains.list,domains.list,2023-03-29 10:37:11.211746,e491d717916d39196447e35d
82o9v830.com,AVAILABILITY,domains.list,domains.list,2023-03-29 10:37:11.778876,e491d717916d39196447e35d
a-ads.com,AVAILABILITY,domains.list,domains.list,2023-03-29 10:37:13.063855,e491d717916d39196447e35d
a.mktw.net,AVAILABILITY,domains.list,domains.list,2023-03-29 10:37:13.655781,e491d717916d39196447e35d
a.muloqot.uz,AVAILABILITY,domains.list,domains.list,2023-03-29 10:37:21.298782,e491d717916d39196447e35d
a.sakh.com,AVAILABILITY,domains.list,domains.list,2023-03-29 10:37:24.389295,e491d717916d39196447e35d
a.ucoz.net,AVAILABILITY,domains.list,domains.list,2023-03-29 10:37:25.545701,e491d717916d39196447e35d
a.ucoz.ru,AVAILABILITY,domains.list,domains.list,2023-03-29 10:37:26.911990,e491d717916d39196447e35d
a.vartoken.com,AVAILABILITY,domains.list,domains.list,2023-03-29 10:37:28.129115,e491d717916d39196447e35d
a.vfghd.com,AVAILABILITY,domains.list,domains.list,2023-03-29 10:37:28.667367,e491d717916d39196447e35d
a.vfgtb.com,AVAILABILITY,domains.list,domains.list,2023-03-29 10:37:29.229993,e491d717916d39196447e35d
a.xanga.com,AVAILABILITY,domains.list,domains.list,2023-03-29 10:37:29.886541,e491d717916d39196447e35d
a135.wftv.com,AVAILABILITY,domains.list,domains.list,2023-03-29 10:37:30.517459,e491d717916d39196447e35d
a5.overclockers.ua,AVAILABILITY,domains.list,domains.list,2023-03-29 10:37:31.583929,e491d717916d39196447e35d
a8a8altrk.com,AVAILABILITY,domains.list,domains.list,2023-03-29 10:37:32.136521,e491d717916d39196447e35d
aa-metrics.beauty.hotpepper.jp,AVAILABILITY,domains.list,domains.list,2023-03-29 10:37:32.453796,e491d717916d39196447e35d
aa-metrics.recruit-card.jp,AVAILABILITY,domains.list,domains.list,2023-03-29 10:37:32.781561,e491d717916d39196447e35d
aa-metrics.trip-ai.jp,AVAILABILITY,domains.list,domains.list,2023-03-29 10:37:33.106640,e491d717916d39196447e35d
aaddzz.com,AVAILABILITY,domains.list,domains.list,2023-03-29 10:37:34.262946,e491d717916d39196447e35d
aax-eu-dub.amazon.com,AVAILABILITY,domains.list,domains.list,2023-03-29 10:37:34.583382,e491d717916d39196447e35d
aaxads.com,AVAILABILITY,domains.list,domains.list,2023-03-29 10:37:34.999142,e491d717916d39196447e35d
aaxdetect.com,AVAILABILITY,domains.list,domains.list,2023-03-29 10:37:35.753178,e491d717916d39196447e35d
abacho.net,AVAILABILITY,domains.list,domains.list,2023-03-29 10:37:56.413167,e491d717916d39196447e35d
abackchain.com,AVAILABILITY,domains.list,domains.list,2023-03-29 10:37:56.965419,e491d717916d39196447e35d
abackframe.com,AVAILABILITY,domains.list,domains.list,2023-03-29 10:37:57.445998,e491d717916d39196447e35d
abandonedaction.com,AVAILABILITY,domains.list,domains.list,2023-03-29 10:37:57.965241,e491d717916d39196447e35d
abc-ads.com,AVAILABILITY,domains.list,domains.list,2023-03-29 10:37:58.280040,e491d717916d39196447e35d
ablink.comms.trainline.com,AVAILABILITY,domains.list,domains.list,2023-03-29 10:38:04.657181,e491d717916d39196447e35d
ablink.news.emails-puregym.com,AVAILABILITY,domains.list,domains.list,2023-03-29 10:38:04.977110,e491d717916d39196447e35d
ablinks.mail.hinge.co,AVAILABILITY,domains.list,domains.list,2023-03-29 10:38:05.806640,e491d717916d39196447e35d
aboardlevel.com,AVAILABILITY,domains.list,domains.list,2023-03-29 10:38:06.305829,e491d717916d39196447e35d
abruptroad.com,AVAILABILITY,domains.list,domains.list,2023-03-29 10:38:06.903818,e491d717916d39196447e35d
absentstream.com,AVAILABILITY,domains.list,domains.list,2023-03-29 10:38:07.368491,e491d717916d39196447e35d
absorbingband.com,AVAILABILITY,domains.list,domains.list,2023-03-29 10:38:07.906564,e491d717916d39196447e35d
absorbingcorn.com,AVAILABILITY,domains.list,domains.list,2023-03-29 10:38:08.408675,e491d717916d39196447e35d
abstractedauthority.com,AVAILABILITY,domains.list,domains.list,2023-03-29 10:38:08.929567,e491d717916d39196447e35d
absurdwater.com,AVAILABILITY,domains.list,domains.list,2023-03-29 10:38:09.415525,e491d717916d39196447e35d
abtasty.com,AVAILABILITY,domains.list,domains.list,2023-03-29 10:38:10.154038,e491d717916d39196447e35d
abz.com,AVAILABILITY,domains.list,domains.list,2023-03-29 10:38:13.784521,e491d717916d39196447e35d
ac.rnm.ca,AVAILABILITY,domains.list,domains.list,2023-03-29 10:38:34.558289,e491d717916d39196447e35d
acemlnb.com,AVAILABILITY,domains.list,domains.list,2023-03-29 10:38:35.255739,e491d717916d39196447e35d
acid-adserver.click,AVAILABILITY,domains.list,domains.list,2023-03-29 10:38:35.571174,e491d717916d39196447e35d
acridtwist.com,AVAILABILITY,domains.list,domains.list,2023-03-29 10:38:36.096570,e491d717916d39196447e35d
actionsplash.com,AVAILABILITY,domains.list,domains.list,2023-03-29 10:38:36.580964,e491d717916d39196447e35d
actonsoftware.com,AVAILABILITY,domains.list,domains.list,2023-03-29 10:38:37.615884,e491d717916d39196447e35d
actualdeals.com,AVAILABILITY,domains.list,domains.list,2023-03-29 10:38:38.684533,e491d717916d39196447e35d
actuallysheep.com,AVAILABILITY,domains.list,domains.list,2023-03-29 10:38:39.160803,e491d717916d39196447e35d
actuallysnake.com,AVAILABILITY,domains.list,domains.list,2023-03-29 10:38:39.658039,e491d717916d39196447e35d
acuityads.com,AVAILABILITY,domains.list,domains.list,2023-03-29 10:38:40.656203,e491d717916d39196447e35d
acuityplatform.com,AVAILABILITY,domains.list,domains.list,2023-03-29 10:38:41.017449,e491d717916d39196447e35d
ad-balancer.at,AVAILABILITY,domains.list,domains.list,2023-03-29 10:38:41.421478,e491d717916d39196447e35d
ad-balancer.net,AVAILABILITY,domains.list,domains.list,2023-03-29 10:38:41.739840,e491d717916d39196447e35d
ad-cupid.com,AVAILABILITY,domains.list,domains.list,2023-03-29 10:38:42.054748,e491d717916d39196447e35d
ad-delivery.net,AVAILABILITY,domains.list,domains.list,2023-03-29 10:38:42.369295,e491d717916d39196447e35d
ad-pay.de,AVAILABILITY,domains.list,domains.list,2023-03-29 10:38:42.681192,e491d717916d39196447e35d
ad-rotator.com,AVAILABILITY,domains.list,domains.list,2023-03-29 10:38:43.004042,e491d717916d39196447e35d
ad-score.com,AVAILABILITY,domains.list,domains.list,2023-03-29 10:38:43.329051,e491d717916d39196447e35d
ad-server.gulasidorna.se,AVAILABILITY,domains.list,domains.list,2023-03-29 10:38:43.644411,e491d717916d39196447e35d
ad-space.net,AVAILABILITY,domains.list,domains.list,2023-03-29 10:38:43.951589,e491d717916d39196447e35d
ad-tech.com,AVAILABILITY,domains.list,domains.list,2023-03-29 10:38:44.263379,e491d717916d39196447e35d
ad-up.com,AVAILABILITY,domains.list,domains.list,2023-03-29 10:38:44.574836,e491d717916d39196447e35d
ad.71i.de,AVAILABILITY,domains.list,domains.list,2023-03-29 10:38:46.028245,e491d717916d39196447e35d
ad.a8.net,AVAILABILITY,domains.list,domains.list,2023-03-29 10:38:46.647898,e491d717916d39196447e35d
ad.abcnews.com,AVAILABILITY,domains.list,domains.list,2023-03-29 10:39:07.070881,e491d717916d39196447e35d
ad.abctv.com,AVAILABILITY,domains.list,domains.list,2023-03-29 10:39:27.518724,e491d717916d39196447e35d
ad.aboutwebservices.com,AVAILABILITY,domains.list,domains.list,2023-03-29 10:39:33.062282,e491d717916d39196447e35d
ad.abum.com,AVAILABILITY,domains.list,domains.list,2023-03-29 10:39:33.697751,e491d717916d39196447e35d
ad.admitad.com,AVAILABILITY,domains.list,domains.list,2023-03-29 10:39:34.311283,e491d717916d39196447e35d
ad.allboxing.ru,AVAILABILITY,domains.list,domains.list,2023-03-29 10:39:40.895676,e491d717916d39196447e35d
ad.altervista.org,AVAILABILITY,domains.list,domains.list,2023-03-29 10:39:42.043416,e491d717916d39196447e35d
ad.amgdgt.com,AVAILABILITY,domains.list,domains.list,2023-03-29 10:39:42.927428,e491d717916d39196447e35d
ad.anuntis.com,AVAILABILITY,domains.list,domains.list,2023-03-29 10:40:03.353479,e491d717916d39196447e35d
ad.auditude.com,AVAILABILITY,domains.list,domains.list,2023-03-29 10:40:04.080273,e491d717916d39196447e35d
ad.bitmedia.io,AVAILABILITY,domains.list,domains.list,2023-03-29 10:40:04.916133,e491d717916d39196447e35d
ad.bizo.com,AVAILABILITY,domains.list,domains.list,2023-03-29 10:40:06.588922,e491d717916d39196447e35d
ad.bondage.com,AVAILABILITY,domains.list,domains.list,2023-03-29 10:40:07.421432,e491d717916d39196447e35d
ad.centrum.cz,AVAILABILITY,domains.list,domains.list,2023-03-29 10:40:12.492045,e491d717916d39196447e35d
ad.cgi.cz,AVAILABILITY,domains.list,domains.list,2023-03-29 10:40:15.356289,e491d717916d39196447e35d
ad.choiceradio.com,AVAILABILITY,domains.list,domains.list,2023-03-29 10:40:16.351953,e491d717916d39196447e35d
ad.cooks.com,AVAILABILITY,domains.list,domains.list,2023-03-29 10:40:19.843789,e491d717916d39196447e35d
ad.digitallook.com,AVAILABILITY,domains.list,domains.list,2023-03-29 10:40:20.593281,e491d717916d39196447e35d
ad.domainfactory.de,AVAILABILITY,domains.list,domains.list,2023-03-29 10:40:40.988598,e491d717916d39196447e35d
ad.exyws.org,AVAILABILITY,domains.list,domains.list,2023-03-29 10:40:45.108728,e491d717916d39196447e35d
ad.foxnetworks.com,AVAILABILITY,domains.list,domains.list,2023-03-29 10:40:45.528998,e491d717916d39196447e35d
ad.grafika.cz,AVAILABILITY,domains.list,domains.list,2023-03-29 10:41:06.813371,e491d717916d39196447e35d
ad.gt,AVAILABILITY,domains.list,domains.list,2023-03-29 10:41:07.262089,e491d717916d39196447e35d
ad.hbv.de,AVAILABILITY,domains.list,domains.list,2023-03-29 10:41:27.802690,e491d717916d39196447e35d
ad.hodomobile.com,AVAILABILITY,domains.list,domains.list,2023-03-29 10:41:30.300656,e491d717916d39196447e35d
ad.hyena.cz,AVAILABILITY,domains.list,domains.list,2023-03-29 10:41:32.110721,e491d717916d39196447e35d
ad.iinfo.cz,AVAILABILITY,domains.list,domains.list,2023-03-29 10:41:34.002774,e491d717916d39196447e35d
ad.infoseek.com,AVAILABILITY,domains.list,domains.list,2023-03-29 10:41:34.939991,e491d717916d39196447e35d
ad.jacotei.com.br,AVAILABILITY,domains.list,domains.list,2023-03-29 10:41:37.067759,e491d717916d39196447e35d
ad.jetsoftware.com,AVAILABILITY,domains.list,domains.list,2023-03-29 10:41:37.610459,e491d717916d39196447e35d
ad.keenspace.com,AVAILABILITY,domains.list,domains.list,2023-03-29 10:41:39.474189,e491d717916d39196447e35d
ad.lgappstv.com,AVAILABILITY,domains.list,domains.list,2023-03-29 10:41:39.983151,e491d717916d39196447e35d
ad.liveinternet.ru,AVAILABILITY,domains.list,domains.list,2023-03-29 10:42:01.398422,e491d717916d39196447e35d
ad.lupa.cz,AVAILABILITY,domains.list,domains.list,2023-03-29 10:42:02.994920,e491d717916d39196447e35d
ad.mediastorm.hu,AVAILABILITY,domains.list,domains.list,2023-03-29 10:42:04.443365,e491d717916d39196447e35d
ad.mg,AVAILABILITY,domains.list,domains.list,2023-03-29 10:42:10.388438,e491d717916d39196447e35d
ad.musicmatch.com,AVAILABILITY,domains.list,domains.list,2023-03-29 10:42:10.862912,e491d717916d39196447e35d
ad.myapple.pl,AVAILABILITY,domains.list,domains.list,2023-03-29 10:42:12.614290,e491d717916d39196447e35d
ad.mynetreklam.com.streamprovider.net,AVAILABILITY,domains.list,domains.list,2023-03-29 10:42:15.577191,e491d717916d39196447e35d
ad.nachtagenten.de,AVAILABILITY,domains.list,domains.list,2023-03-29 10:42:16.887950,e491d717916d39196447e35d
ad.nettvservices.com,AVAILABILITY,domains.list,domains.list,2023-03-29 10:42:17.547930,e491d717916d39196447e35d
ad.nozonedata.com,AVAILABILITY,domains.list,domains.list,2023-03-29 10:42:18.604194,e491d717916d39196447e35d
ad.nttnavi.co.jp,AVAILABILITY,domains.list,domains.list,2023-03-29 10:42:39.519174,e491d717916d39196447e35d
ad.nwt.cz,AVAILABILITY,domains.list,domains.list,2023-03-29 10:42:41.340944,e491d717916d39196447e35d
ad.period-calendar.com,AVAILABILITY,domains.list,domains.list,2023-03-29 10:42:41.663872,e491d717916d39196447e35d
ad.profiwin.de,AVAILABILITY,domains.list,domains.list,2023-03-29 10:42:47.095809,e491d717916d39196447e35d
ad.prv.pl,AVAILABILITY,domains.list,domains.list,2023-03-29 10:42:48.615051,e491d717916d39196447e35d
ad.reachlocal.com,AVAILABILITY,domains.list,domains.list,2023-03-29 10:42:49.866947,e491d717916d39196447e35d
ad.simflight.com,AVAILABILITY,domains.list,domains.list,2023-03-29 10:42:53.174815,e491d717916d39196447e35d
ad.simgames.net,AVAILABILITY,domains.list,domains.list,2023-03-29 10:42:53.887245,e491d717916d39196447e35d
ad.style,AVAILABILITY,domains.list,domains.list,2023-03-29 10:42:54.565464,e491d717916d39196447e35d
ad.tapthislink.com,AVAILABILITY,domains.list,domains.list,2023-03-29 10:42:56.455997,e491d717916d39196447e35d
ad.technoratimedia.com,AVAILABILITY,domains.list,domains.list,2023-03-29 10:42:57.750939,e491d717916d39196447e35d
ad.tv2.no,AVAILABILITY,domains.list,domains.list,2023-03-29 10:42:58.760468,e491d717916d39196447e35d
ad.universcine.com,AVAILABILITY,domains.list,domains.list,2023-03-29 10:43:02.970939,e491d717916d39196447e35d
ad.usatoday.com,AVAILABILITY,domains.list,domains.list,2023-03-29 10:43:03.502933,e491d717916d39196447e35d
ad.virtual-nights.com,AVAILABILITY,domains.list,domains.list,2023-03-29 10:43:03.815036,e491d717916d39196447e35d
ad.wavu.hu,AVAILABILITY,domains.list,domains.list,2023-03-29 10:43:24.659249,e491d717916d39196447e35d
ad.weatherbug.com,AVAILABILITY,domains.list,domains.list,2023-03-29 10:43:25.574105,e491d717916d39196447e35d
ad.wsod.com,AVAILABILITY,domains.list,domains.list,2023-03-29 10:43:27.253378,e491d717916d39196447e35d
ad.wz.cz,AVAILABILITY,domains.list,domains.list,2023-03-29 10:43:28.645953,e491d717916d39196447e35d
ad.xmovies8.si,AVAILABILITY,domains.list,domains.list,2023-03-29 10:43:30.045754,e491d717916d39196447e35d
ad.xrea.com,AVAILABILITY,domains.list,domains.list,2023-03-29 10:43:50.406017,e491d717916d39196447e35d
ad.ztylez.com,AVAILABILITY,domains.list,domains.list,2023-03-29 10:43:52.658656,e491d717916d39196447e35d
ad0.bigmir.net,AVAILABILITY,domains.list,domains.list,2023-03-29 10:43:53.730827,e491d717916d39196447e35d
ad01.mediacorpsingapore.com,AVAILABILITY,domains.list,domains.list,2023-03-29 10:44:14.130420,e491d717916d39196447e35d
ad1.emule-project.org,AVAILABILITY,domains.list,domains.list,2023-03-29 10:44:14.442525,e491d717916d39196447e35d
ad1.kde.cz,AVAILABILITY,domains.list,domains.list,2023-03-29 10:44:18.844175,e491d717916d39196447e35d
ad2.iinfo.cz,AVAILABILITY,domains.list,domains.list,2023-03-29 10:44:20.125177,e491d717916d39196447e35d
ad2.lupa.cz,AVAILABILITY,domains.list,domains.list,2023-03-29 10:44:21.815635,e491d717916d39196447e35d
ad2.netriota.hu,AVAILABILITY,domains.list,domains.list,2023-03-29 10:44:28.517876,e491d717916d39196447e35d
ad2.nmm.de,AVAILABILITY,domains.list,domains.list,2023-03-29 10:44:32.598457,e491d717916d39196447e35d
ad2.xrea.com,AVAILABILITY,domains.list,domains.list,2023-03-29 10:44:52.998587,e491d717916d39196447e35d
ad3.iinfo.cz,AVAILABILITY,domains.list,domains.list,2023-03-29 10:44:54.110994,e491d717916d39196447e35d
ad3.xrea.com,AVAILABILITY,domains.list,domains.list,2023-03-29 10:45:14.494220,e491d717916d39196447e35d
ad4game.com,AVAILABILITY,domains.list,domains.list,2023-03-29 10:45:15.729960,e491d717916d39196447e35d
ad4mat.com,AVAILABILITY,domains.list,domains.list,2023-03-29 10:45:17.347879,e491d717916d39196447e35d
ad4mat.de,AVAILABILITY,domains.list,domains.list,2023-03-29 10:45:18.506418,e491d717916d39196447e35d
ad4mat.net,AVAILABILITY,domains.list,domains.list,2023-03-29 10:45:19.082302,e491d717916d39196447e35d
adabra.com,AVAILABILITY,domains.list,domains.list,2023-03-29 10:45:22.867369,e491d717916d39196447e35d
adaction.de,AVAILABILITY,domains.list,domains.list,2023-03-29 10:45:24.219073,e491d717916d39196447e35d
adadvisor.net,AVAILABILITY,domains.list,domains.list,2023-03-29 10:45:24.914548,e491d717916d39196447e35d
adalliance.io,AVAILABILITY,domains.list,domains.list,2023-03-29 10:45:26.030936,e491d717916d39196447e35d
adanging.blog,AVAILABILITY,domains.list,domains.list,2023-03-29 10:45:28.004464,e491d717916d39196447e35d
adap.tv,AVAILABILITY,domains.list,domains.list,2023-03-29 10:45:28.678482,e491d717916d39196447e35d
adapt.tv,AVAILABILITY,domains.list,domains.list,2023-03-29 10:45:29.376659,e491d717916d39196447e35d
adaranth.com,AVAILABILITY,domains.list,domains.list,2023-03-29 10:45:30.025861,e491d717916d39196447e35d
adbilty.me,AVAILABILITY,domains.list,domains.list,2023-03-29 10:45:32.368701,e491d717916d39196447e35d
adblade.com,AVAILABILITY,domains.list,domains.list,2023-03-29 10:45:33.943013,e491d717916d39196447e35d
adblade.org,AVAILABILITY,domains.list,domains.list,2023-03-29 10:45:34.464486,e491d717916d39196447e35d
adblockanalytics.com,AVAILABILITY,domains.list,domains.list,2023-03-29 10:45:35.046463,e491d717916d39196447e35d
adbooth.net,AVAILABILITY,domains.list,domains.list,2023-03-29 10:45:35.726810,e491d717916d39196447e35d
adbot.com,AVAILABILITY,domains.list,domains.list,2023-03-29 10:45:56.237103,e491d717916d39196447e35d
adbrite.com,AVAILABILITY,domains.list,domains.list,2023-03-29 10:46:16.660399,e491d717916d39196447e35d
adbroker.de,AVAILABILITY,domains.list,domains.list,2023-03-29 10:46:21.012827,e491d717916d39196447e35d
adbunker.com,AVAILABILITY,domains.list,domains.list,2023-03-29 10:46:21.789017,e491d717916d39196447e35d
adbutler.com,AVAILABILITY,domains.list,domains.list,2023-03-29 10:46:22.476618,e491d717916d39196447e35d
adbuyer.com,AVAILABILITY,domains.list,domains.list,2023-03-29 10:46:42.836357,e491d717916d39196447e35d
adbuyer3.lycos.com,AVAILABILITY,domains.list,domains.list,2023-03-29 10:46:44.427758,e491d717916d39196447e35d
adcampo.com,AVAILABILITY,domains.list,domains.list,2023-03-29 10:46:50.646001,e491d717916d39196447e35d
adcannyads.com,AVAILABILITY,domains.list,domains.list,2023-03-29 10:46:51.202929,e491d717916d39196447e35d
adcash.com,AVAILABILITY,domains.list,domains.list,2023-03-29 10:46:51.646715,e491d717916d39196447e35d
adcast.deviantart.com,AVAILABILITY,domains.list,domains.list,2023-03-29 10:46:52.128919,e491d717916d39196447e35d
adcel.co,AVAILABILITY,domains.list,domains.list,2023-03-29 10:46:53.026349,e491d717916d39196447e35d
adcell.de,AVAILABILITY,domains.list,domains.list,2023-03-29 10:46:55.620887,e491d717916d39196447e35d
adcenter.net,AVAILABILITY,domains.list,domains.list,2023-03-29 10:46:59.686289,e491d717916d39196447e35d
adclick.com,AVAILABILITY,domains.list,domains.list,2023-03-29 10:47:00.863951,e491d717916d39196447e35d
adclient1.tucows.com,AVAILABILITY,domains.list,domains.list,2023-03-29 10:47:21.590738,e491d717916d39196447e35d
adcolony.com,AVAILABILITY,domains.list,domains.list,2023-03-29 10:47:22.738958,e491d717916d39196447e35d
adcomplete.com,AVAILABILITY,domains.list,domains.list,2023-03-29 10:47:23.491583,e491d717916d39196447e35d
adconion.com,AVAILABILITY,domains.list,domains.list,2023-03-29 10:47:43.929295,e491d717916d39196447e35d
adcontent.gamespy.com,AVAILABILITY,domains.list,domains.list,2023-03-29 10:47:44.495329,e491d717916d39196447e35d
adcovery.com,AVAILABILITY,domains.list,domains.list,2023-03-29 10:47:46.593582,e491d717916d39196447e35d
adcycle.com,AVAILABILITY,domains.list,domains.list,2023-03-29 10:47:47.003944,e491d717916d39196447e35d
add.newmedia.cz,AVAILABILITY,domains.list,domains.list,2023-03-29 10:47:49.495602,e491d717916d39196447e35d
addfreestats.com,AVAILABILITY,domains.list,domains.list,2023-03-29 10:47:55.587705,e491d717916d39196447e35d
additionant.com,AVAILABILITY,domains.list,domains.list,2023-03-29 10:47:56.075714,e491d717916d39196447e35d
addme.com,AVAILABILITY,domains.list,domains.list,2023-03-29 10:47:57.968202,e491d717916d39196447e35d
adecn.com,AVAILABILITY,domains.list,domains.list,2023-03-29 10:47:58.845514,e491d717916d39196447e35d
adeimptrck.com,AVAILABILITY,domains.list,domains.list,2023-03-29 10:47:59.634554,e491d717916d39196447e35d
ademails.com,AVAILABILITY,domains.list,domains.list,2023-03-29 10:48:03.277417,e491d717916d39196447e35d
adengage.com,AVAILABILITY,domains.list,domains.list,2023-03-29 10:48:23.943752,e491d717916d39196447e35d
adetracking.com,AVAILABILITY,domains.list,domains.list,2023-03-29 10:48:24.709441,e491d717916d39196447e35d
adexc.net,AVAILABILITY,domains.list,domains.list,2023-03-29 10:48:26.879359,e491d717916d39196447e35d
adexchangegate.com,AVAILABILITY,domains.list,domains.list,2023-03-29 10:48:27.379746,e491d717916d39196447e35d
adexchangeprediction.com,AVAILABILITY,domains.list,domains.list,2023-03-29 10:48:27.875489,e491d717916d39196447e35d
adexpose.com,AVAILABILITY,domains.list,domains.list,2023-03-29 10:48:28.435649,e491d717916d39196447e35d
adext.inkclub.com,AVAILABILITY,domains.list,domains.list,2023-03-29 10:48:30.330312,e491d717916d39196447e35d
adf.ly,AVAILABILITY,domains.list,domains.list,2023-03-29 10:48:30.970918,e491d717916d39196447e35d
adfeed.marchex.com,AVAILABILITY,domains.list,domains.list,2023-03-29 10:48:51.410955,e491d717916d39196447e35d
adflight.com,AVAILABILITY,domains.list,domains.list,2023-03-29 10:48:52.267429,e491d717916d39196447e35d
adforce.com,AVAILABILITY,domains.list,domains.list,2023-03-29 10:48:53.538871,e491d717916d39196447e35d
adform.com,AVAILABILITY,domains.list,domains.list,2023-03-29 10:48:56.675700,e491d717916d39196447e35d
adform.net,AVAILABILITY,domains.list,domains.list,2023-03-29 10:48:57.615557,e491d717916d39196447e35d
adformdsp.net,AVAILABILITY,domains.list,domains.list,2023-03-29 10:48:58.293937,e491d717916d39196447e35d
adfs.senacrs.com.br,AVAILABILITY,domains.list,domains.list,2023-03-29 10:49:00.609883,e491d717916d39196447e35d
adgardener.com,AVAILABILITY,domains.list,domains.list,2023-03-29 10:49:01.785420,e491d717916d39196447e35d
adhaven.com,AVAILABILITY,domains.list,domains.list,2023-03-29 10:49:22.194438,e491d717916d39196447e35d
adhese.be,AVAILABILITY,domains.list,domains.list,2023-03-29 10:49:23.266080,e491d717916d39196447e35d
adhese.com,AVAILABILITY,domains.list,domains.list,2023-03-29 10:49:24.247087,e491d717916d39196447e35d
adhigh.net,AVAILABILITY,domains.list,domains.list,2023-03-29 10:49:27.569518,e491d717916d39196447e35d
adhoc4.net,AVAILABILITY,domains.list,domains.list,2023-03-29 10:49:28.128851,e491d717916d39196447e35d
adhunter.media,AVAILABILITY,domains.list,domains.list,2023-03-29 10:49:29.615413,e491d717916d39196447e35d
adimage.guardian.co.uk,AVAILABILITY,domains.list,domains.list,2023-03-29 10:49:30.762330,e491d717916d39196447e35d
adimages.been.com,AVAILABILITY,domains.list,domains.list,2023-03-29 10:49:31.578625,e491d717916d39196447e35d
adimages.carsoup.com,AVAILABILITY,domains.list,domains.list,2023-03-29 10:49:32.075373,e491d717916d39196447e35d
adimages.go.com,AVAILABILITY,domains.list,domains.list,2023-03-29 10:49:52.490696,e491d717916d39196447e35d
adimages.homestore.com,AVAILABILITY,domains.list,domains.list,2023-03-29 10:49:53.061696,e491d717916d39196447e35d
adimages.omroepzeeland.nl,AVAILABILITY,domains.list,domains.list,2023-03-29 10:49:54.274239,e491d717916d39196447e35d
adimages.sanomawsoy.fi,AVAILABILITY,domains.list,domains.list,2023-03-29 10:50:14.750662,e491d717916d39196447e35d
adimg.com.com,AVAILABILITY,domains.list,domains.list,2023-03-29 10:50:18.658733,e491d717916d39196447e35d
adimg.uimserv.net,AVAILABILITY,domains.list,domains.list,2023-03-29 10:50:23.559506,e491d717916d39196447e35d
adimg1.chosun.com,AVAILABILITY,domains.list,domains.list,2023-03-29 10:50:24.269617,e491d717916d39196447e35d
adimgs.sapo.pt,AVAILABILITY,domains.list,domains.list,2023-03-29 10:50:26.316433,e491d717916d39196447e35d
adingo.jp,AVAILABILITY,domains.list,domains.list,2023-03-29 10:50:32.869141,e491d717916d39196447e35d
adinjector.net,AVAILABILITY,domains.list,domains.list,2023-03-29 10:50:53.292578,e491d717916d39196447e35d
