idna_subject,checker_type,destination,tested_at
www.jsrdn.com,AVAILABILITY,domains.list,2023-01-28 16:28:26.775881
www.jauchuwa.net,AVAILABILITY,domains.list,2023-01-28 16:28:27.287899
www.jumptap.com,AVAILABILITY,domains.list,2023-01-28 16:28:28.404009
www.klclick.com,AVAILABILITY,domains.list,2023-01-28 16:28:28.860339
www.kanoodle.com,AVAILABILITY,domains.list,2023-01-28 16:28:29.386937
www.klclick1.com,AVAILABILITY,domains.list,2023-01-28 16:28:29.819749
www.justicejudo.com,AVAILABILITY,domains.list,2023-01-28 16:28:30.341206
www.klsdee.com,AVAILABILITY,domains.list,2023-01-28 16:28:30.790892
www.kost.tv,AVAILABILITY,domains.list,2023-01-28 16:28:31.275603
www.krxd.net,AVAILABILITY,domains.list,2023-01-28 16:28:31.708398
www.lameletters.com,AVAILABILITY,domains.list,2023-01-28 16:28:32.169554
www.larati.net,AVAILABILITY,domains.list,2023-01-28 16:28:32.634134
www.laughcloth.com,AVAILABILITY,domains.list,2023-01-28 16:28:33.125401
www.lead-analytics.nl,AVAILABILITY,domains.list,2023-01-28 16:28:33.518900
www.laughablecopper.com,AVAILABILITY,domains.list,2023-01-28 16:28:34.090605
www.leaplunchroom.com,AVAILABILITY,domains.list,2023-01-28 16:28:34.602871
www.leadingedgecash.com,AVAILABILITY,domains.list,2023-01-28 16:28:35.180531
www.liadm.com,AVAILABILITY,domains.list,2023-01-28 16:28:35.776352
www.lfeeder.com,AVAILABILITY,domains.list,2023-01-28 16:28:36.227388
www.lettucelimit.com,AVAILABILITY,domains.list,2023-01-28 16:28:36.700118
www.liftdna.com,AVAILABILITY,domains.list,2023-01-28 16:28:37.493684
www.lizardslaugh.com,AVAILABILITY,domains.list,2023-01-28 16:28:37.992788
www.lnks.gd,AVAILABILITY,domains.list,2023-01-28 16:28:40.917622
www.loudlunch.com,AVAILABILITY,domains.list,2023-01-28 16:28:41.456059
www.longinglettuce.com,AVAILABILITY,domains.list,2023-01-28 16:28:41.914792
www.lightcushion.com,AVAILABILITY,domains.list,2023-01-28 16:28:42.376198
www.logsss.com,AVAILABILITY,domains.list,2023-01-28 16:29:02.781675
www.m6r.eu,AVAILABILITY,domains.list,2023-01-28 16:29:13.194853
www.m2.ai,AVAILABILITY,domains.list,2023-01-28 16:29:33.591641
www.lp3tdqle.com,AVAILABILITY,domains.list,2023-01-28 16:29:53.984118
www.magnificentmist.com,AVAILABILITY,domains.list,2023-01-28 16:30:14.375618
www.markedcrayon.com,AVAILABILITY,domains.list,2023-01-28 16:30:15.778472
www.massivemark.com,AVAILABILITY,domains.list,2023-01-28 16:30:16.282984
www.markedpail.com,AVAILABILITY,domains.list,2023-01-28 16:30:16.782990
www.matheranalytics.com,AVAILABILITY,domains.list,2023-01-28 16:30:17.450959
www.materialmoon.com,AVAILABILITY,domains.list,2023-01-28 16:30:17.978460
www.memorycobweb.com,AVAILABILITY,domains.list,2023-01-28 16:30:18.440433
www.memorizeneck.com,AVAILABILITY,domains.list,2023-01-28 16:30:19.049009
www.medyanetads.com,AVAILABILITY,domains.list,2023-01-28 16:30:19.591135
www.militaryverse.com,AVAILABILITY,domains.list,2023-01-28 16:30:20.184151
www.messagenovice.com,AVAILABILITY,domains.list,2023-01-28 16:30:20.617740
www.minormeeting.com,AVAILABILITY,domains.list,2023-01-28 16:30:21.065067
www.mfadsrvr.com,AVAILABILITY,domains.list,2023-01-28 16:30:21.497366
www.mkto-ab410147.com,AVAILABILITY,domains.list,2023-01-28 16:30:21.867928
www.mmismm.com,AVAILABILITY,domains.list,2023-01-28 16:30:22.554311
www.mixedreading.com,AVAILABILITY,domains.list,2023-01-28 16:30:23.020496
www.mktoresp.com,AVAILABILITY,domains.list,2023-01-28 16:30:23.576362
www.mobileanalytics.us-east-1.amazonaws.com,AVAILABILITY,domains.list,2023-01-28 16:30:23.952711
www.mltrk.io,AVAILABILITY,domains.list,2023-01-28 16:30:24.713564
www.mmstat.com,AVAILABILITY,domains.list,2023-01-28 16:30:25.436615
www.moldyicicle.com,AVAILABILITY,domains.list,2023-01-28 16:30:25.932533
www.modifyeyes.com,AVAILABILITY,domains.list,2023-01-28 16:30:26.385977
www.mowfruit.com,AVAILABILITY,domains.list,2023-01-28 16:30:26.955098
www.mstrlytcs.com,AVAILABILITY,domains.list,2023-01-28 16:30:27.376576
www.mydas.mobi,AVAILABILITY,domains.list,2023-01-28 16:30:28.646359
www.neighborlywatch.com,AVAILABILITY,domains.list,2023-01-28 16:30:29.130684
www.nervoussummer.com,AVAILABILITY,domains.list,2023-01-28 16:30:29.626566
www.nbjmp.com,AVAILABILITY,domains.list,2023-01-28 16:30:33.142127
www.mysteriousmonth.com,AVAILABILITY,domains.list,2023-01-28 16:30:33.586612
www.nexac.com,AVAILABILITY,domains.list,2023-01-28 16:30:34.586484
www.newstarads.com,AVAILABILITY,domains.list,2023-01-28 16:30:35.081316
www.nitratory.com,AVAILABILITY,domains.list,2023-01-28 16:30:35.505942
www.noiselessplough.com,AVAILABILITY,domains.list,2023-01-28 16:30:36.006288
www.nr-data.net,AVAILABILITY,domains.list,2023-01-28 16:30:36.380265
www.nondescriptcrowd.com,AVAILABILITY,domains.list,2023-01-28 16:30:36.824514
www.nondescriptstocking.com,AVAILABILITY,domains.list,2023-01-28 16:30:37.353999
www.nondescriptsmile.com,AVAILABILITY,domains.list,2023-01-28 16:30:37.848704
www.ns1p.net,AVAILABILITY,domains.list,2023-01-28 16:30:38.294151
www.ntv.io,AVAILABILITY,domains.list,2023-01-28 16:30:38.768230
www.nzaza.com,AVAILABILITY,domains.list,2023-01-28 16:30:39.738144
www.observantice.com,AVAILABILITY,domains.list,2023-01-28 16:30:40.224270
www.nuttyorganization.com,AVAILABILITY,domains.list,2023-01-28 16:30:40.682190
www.oafishobservation.com,AVAILABILITY,domains.list,2023-01-28 16:30:41.255885
www.obscenesidewalk.com,AVAILABILITY,domains.list,2023-01-28 16:30:41.769380
www.oclasrv.com,AVAILABILITY,domains.list,2023-01-28 16:30:42.360203
www.offaces-butional.com,AVAILABILITY,domains.list,2023-01-28 16:30:42.722827
www.omniscientspark.com,AVAILABILITY,domains.list,2023-01-28 16:30:43.181740
www.online-metrix.net,AVAILABILITY,domains.list,2023-01-28 16:30:43.540022
www.onclasrv.com,AVAILABILITY,domains.list,2023-01-28 16:30:44.073316
www.openads.org,AVAILABILITY,domains.list,2023-01-28 16:30:44.687896
www.openx.net,AVAILABILITY,domains.list,2023-01-28 16:30:45.378223
www.optimallimit.com,AVAILABILITY,domains.list,2023-01-28 16:30:46.010299
www.overconfidentfood.com,AVAILABILITY,domains.list,2023-01-28 16:30:46.443029
www.overture.com,AVAILABILITY,domains.list,2023-01-28 16:30:46.999356
www.optimost.com,AVAILABILITY,domains.list,2023-01-28 16:30:52.407953
www.owlsr.us,AVAILABILITY,domains.list,2023-01-28 16:30:52.857956
www.p2r14.com,AVAILABILITY,domains.list,2023-01-28 16:30:53.287410
www.pagefair.net,AVAILABILITY,domains.list,2023-01-28 16:30:55.516712
www.paleleaf.com,AVAILABILITY,domains.list,2023-01-28 16:30:56.022597
www.parchedangle.com,AVAILABILITY,domains.list,2023-01-28 16:30:56.607747
www.panickycurtain.com,AVAILABILITY,domains.list,2023-01-28 16:30:57.198597
www.paradoxfactor.com,AVAILABILITY,domains.list,2023-01-28 16:30:57.672191
www.parketsy.pro,AVAILABILITY,domains.list,2023-01-28 16:30:58.108957
www.paypopup.com,AVAILABILITY,domains.list,2023-01-28 16:30:58.875355
www.parsimoniouspolice.com,AVAILABILITY,domains.list,2023-01-28 16:30:59.322992
www.perceivequarter.com,AVAILABILITY,domains.list,2023-01-28 16:30:59.826591
www.petiteumbrella.com,AVAILABILITY,domains.list,2023-01-28 16:31:00.270219
www.photographpan.com,AVAILABILITY,domains.list,2023-01-28 16:31:00.717363
www.picadmedia.com,AVAILABILITY,domains.list,2023-01-28 16:31:01.156203
www.piet2eix3l.com,AVAILABILITY,domains.list,2023-01-28 16:31:01.589673
www.pietexture.com,AVAILABILITY,domains.list,2023-01-28 16:31:02.294752
www.pippio.com,AVAILABILITY,domains.list,2023-01-28 16:31:02.740905
www.pleasantpump.com,AVAILABILITY,domains.list,2023-01-28 16:31:03.261311
www.piquantpigs.com,AVAILABILITY,domains.list,2023-01-28 16:31:03.734653
www.p-n.io,AVAILABILITY,domains.list,2023-01-28 16:31:04.092525
www.possessivebucket.com,AVAILABILITY,domains.list,2023-01-28 16:31:04.587735
www.playhaven.com,AVAILABILITY,domains.list,2023-01-28 16:31:05.057450
www.possibleboats.com,AVAILABILITY,domains.list,2023-01-28 16:31:05.545980
www.plotrabbit.com,AVAILABILITY,domains.list,2023-01-28 16:31:06.010149
www.presetrabbits.com,AVAILABILITY,domains.list,2023-01-28 16:31:06.564207
www.previousplayground.com,AVAILABILITY,domains.list,2023-01-28 16:31:07.038188
</body>,AVAILABILITY,domains.list,2023-01-28 16:31:07.442625
</html>,AVAILABILITY,domains.list,2023-01-28 16:31:07.843139
</pre>,AVAILABILITY,domains.list,2023-01-28 16:31:08.246638
format)</title>,AVAILABILITY,domains.list,2023-01-28 16:31:08.654317
href='/css/pgl.css',AVAILABILITY,domains.list,2023-01-28 16:31:09.058735
"href=""rss/1.0/adservers.rss"">",AVAILABILITY,domains.list,2023-01-28 16:31:09.462393
lowe;,AVAILABILITY,domains.list,2023-01-28 16:31:09.877436
"type=""application/rss+xml""",AVAILABILITY,domains.list,2023-01-28 16:31:10.292200
type='text/css'></head>,AVAILABILITY,domains.list,2023-01-28 16:31:10.708816
www.previouspotato.com,AVAILABILITY,domains.list,2023-01-28 16:31:11.180190
www.producecopy.com,AVAILABILITY,domains.list,2023-01-28 16:31:11.788823
www.profitrumour.com,AVAILABILITY,domains.list,2023-01-28 16:31:12.319614
www.pro-market.net,AVAILABILITY,domains.list,2023-01-28 16:31:12.693253
www.promotions-884485.c.cdn77.org,AVAILABILITY,domains.list,2023-01-28 16:31:13.088417
www.proof-x.com,AVAILABILITY,domains.list,2023-01-28 16:31:13.482030
www.ptoushoa.com,AVAILABILITY,domains.list,2023-01-28 16:31:13.969977
www.pub.network,AVAILABILITY,domains.list,2023-01-28 16:31:14.399103
www.pubmine.com,AVAILABILITY,domains.list,2023-01-28 16:31:14.825239
www.puffyloss.com,AVAILABILITY,domains.list,2023-01-28 16:31:15.424354
www.puffypaste.com,AVAILABILITY,domains.list,2023-01-28 16:31:15.872342
www.puffypurpose.com,AVAILABILITY,domains.list,2023-01-28 16:31:16.359780
www.pushame.com,AVAILABILITY,domains.list,2023-01-28 16:31:16.921475
www.puffypull.com,AVAILABILITY,domains.list,2023-01-28 16:31:17.479297
www.pushance.com,AVAILABILITY,domains.list,2023-01-28 16:31:17.989908
www.pushno.com,AVAILABILITY,domains.list,2023-01-28 16:31:18.543988
www.pushazer.com,AVAILABILITY,domains.list,2023-01-28 16:31:19.088949
www.q1connect.com,AVAILABILITY,domains.list,2023-01-28 16:31:19.575449
www.pushwhy.com,AVAILABILITY,domains.list,2023-01-28 16:31:20.110761
www.pymx5.com,AVAILABILITY,domains.list,2023-01-28 16:31:20.836311
www.quacksquirrel.com,AVAILABILITY,domains.list,2023-01-28 16:31:21.259042
www.quaintcan.com,AVAILABILITY,domains.list,2023-01-28 16:31:21.725450
www.quarterbean.com,AVAILABILITY,domains.list,2023-01-28 16:31:22.178946
www.quietknowledge.com,AVAILABILITY,domains.list,2023-01-28 16:31:22.630688
www.quarterserver.de,AVAILABILITY,domains.list,2023-01-28 16:31:23.511090
www.quizzicalzephyr.com,AVAILABILITY,domains.list,2023-01-28 16:31:23.993406
www.quicksandear.com,AVAILABILITY,domains.list,2023-01-28 16:31:24.499250
www.rapidkittens.com,AVAILABILITY,domains.list,2023-01-28 16:31:25.033652
www.railwayrainstorm.com,AVAILABILITY,domains.list,2023-01-28 16:31:25.463743
www.railwayreason.com,AVAILABILITY,domains.list,2023-01-28 16:31:25.928898
www.readgoldfish.com,AVAILABILITY,domains.list,2023-01-28 16:31:26.472142
www.raresummer.com,AVAILABILITY,domains.list,2023-01-28 16:31:27.166822
www.realsrv.com,AVAILABILITY,domains.list,2023-01-28 16:31:27.679163
www.readingopera.com,AVAILABILITY,domains.list,2023-01-28 16:31:28.205607
www.readingguilt.com,AVAILABILITY,domains.list,2023-01-28 16:31:28.663103
www.readymoon.com,AVAILABILITY,domains.list,2023-01-28 16:31:29.239632
www.rebelsubway.com,AVAILABILITY,domains.list,2023-01-28 16:31:29.716388
www.realtracker.com,AVAILABILITY,domains.list,2023-01-28 16:31:30.483588
www.receptivereaction.com,AVAILABILITY,domains.list,2023-01-28 16:31:31.060171
www.receptiveink.com,AVAILABILITY,domains.list,2023-01-28 16:31:31.605535
www.reflectivereward.com,AVAILABILITY,domains.list,2023-01-28 16:31:32.061653
www.recoco.it,AVAILABILITY,domains.list,2023-01-28 16:31:32.900787
www.regularplants.com,AVAILABILITY,domains.list,2023-01-28 16:31:33.446662
www.resolutekey.com,AVAILABILITY,domains.list,2023-01-28 16:31:33.944954
www.resonantbrush.com,AVAILABILITY,domains.list,2023-01-28 16:31:34.542458
www.richstring.com,AVAILABILITY,domains.list,2023-01-28 16:31:35.061082
www.ringsrecord.com,AVAILABILITY,domains.list,2023-01-28 16:31:35.545399
www.ritzykey.com,AVAILABILITY,domains.list,2023-01-28 16:31:36.120245
www.rockabox.co,AVAILABILITY,domains.list,2023-01-28 16:31:36.671826
www.rotabanner.com,AVAILABILITY,domains.list,2023-01-28 16:31:37.896348
www.rtbpop.com,AVAILABILITY,domains.list,2023-01-28 16:31:38.346891
www.roughroll.com,AVAILABILITY,domains.list,2023-01-28 16:31:38.831971
www.rtbidhost.com,AVAILABILITY,domains.list,2023-01-28 16:31:39.388741
www.rundsp.com,AVAILABILITY,domains.list,2023-01-28 16:31:40.015299
www.ru4.com,AVAILABILITY,domains.list,2023-01-28 16:31:41.265394
www.rtmark.net,AVAILABILITY,domains.list,2023-01-28 16:31:41.705400
www.s1-adfly.com,AVAILABILITY,domains.list,2023-01-28 16:31:42.075786
www.sail-horizon.com,AVAILABILITY,domains.list,2023-01-28 16:31:42.440947
www.ruthlessrobin.com,AVAILABILITY,domains.list,2023-01-28 16:31:43.258619
www.saysidewalk.com,AVAILABILITY,domains.list,2023-01-28 16:31:43.751426
www.samsungacr.com,AVAILABILITY,domains.list,2023-01-28 16:31:44.217823
www.scatteredheat.com,AVAILABILITY,domains.list,2023-01-28 16:31:44.647119
www.scintillatingspace.com,AVAILABILITY,domains.list,2023-01-28 16:31:45.112511
www.scarcesign.com,AVAILABILITY,domains.list,2023-01-28 16:31:45.566898
www.scintillatingscissors.com,AVAILABILITY,domains.list,2023-01-28 16:31:46.158880
www.screechingfurniture.com,AVAILABILITY,domains.list,2023-01-28 16:31:46.670354
www.seadform.net,AVAILABILITY,domains.list,2023-01-28 16:31:47.167345
www.scrubswim.com,AVAILABILITY,domains.list,2023-01-28 16:31:47.762722
www.sdkfjxjertertry.com,AVAILABILITY,domains.list,2023-01-28 16:31:48.307103
www.secretivecub.com,AVAILABILITY,domains.list,2023-01-28 16:31:48.778983
www.selectivesummer.com,AVAILABILITY,domains.list,2023-01-28 16:31:49.232193
www.secretspiders.com,AVAILABILITY,domains.list,2023-01-28 16:31:49.722214
www.semasio.net,AVAILABILITY,domains.list,2023-01-28 16:31:50.317174
www.separatesilver.com,AVAILABILITY,domains.list,2023-01-28 16:31:50.790219
www.servedby-buysellads.com,AVAILABILITY,domains.list,2023-01-28 16:31:51.157096
www.shakesuggestion.com,AVAILABILITY,domains.list,2023-01-28 16:31:51.706743
www.servadsdisrupt.com,AVAILABILITY,domains.list,2023-01-28 16:31:52.132636
www.servedbyopenx.com,AVAILABILITY,domains.list,2023-01-28 16:31:52.869906
www.sharppatch.com,AVAILABILITY,domains.list,2023-01-28 16:31:53.405004
www.shakytaste.com,AVAILABILITY,domains.list,2023-01-28 16:31:53.858674
www.shockinggrass.com,AVAILABILITY,domains.list,2023-01-28 16:31:54.391519
www.shallowsmile.com,AVAILABILITY,domains.list,2023-01-28 16:31:54.924190
www.sicksmash.com,AVAILABILITY,domains.list,2023-01-28 16:31:55.460679
www.silkysquirrel.com,AVAILABILITY,domains.list,2023-01-28 16:31:56.111707
www.sincerebuffalo.com,AVAILABILITY,domains.list,2023-01-28 16:31:56.650637
www.sillyscrew.com,AVAILABILITY,domains.list,2023-01-28 16:31:57.132610
www.sixscissors.com,AVAILABILITY,domains.list,2023-01-28 16:31:57.631759
www.sleepcartoon.com,AVAILABILITY,domains.list,2023-01-28 16:31:58.074596
www.sizesidewalk.com,AVAILABILITY,domains.list,2023-01-28 16:31:58.582436
www.siteimproveanalytics.io,AVAILABILITY,domains.list,2023-01-28 16:31:59.059877
www.slopeaota.com,AVAILABILITY,domains.list,2023-01-28 16:31:59.524476
www.smashsurprise.com,AVAILABILITY,domains.list,2023-01-28 16:32:00.082649
www.slipperysack.com,AVAILABILITY,domains.list,2023-01-28 16:32:00.639397
www.smallbeginner.com,AVAILABILITY,domains.list,2023-01-28 16:32:01.169674
www.smilingwaves.com,AVAILABILITY,domains.list,2023-01-28 16:32:01.670332
www.snapads.com,AVAILABILITY,domains.list,2023-01-28 16:32:02.221940
www.sombersea.com,AVAILABILITY,domains.list,2023-01-28 16:32:02.772321
www.sombersquirrel.com,AVAILABILITY,domains.list,2023-01-28 16:32:03.683877
www.spacash.com,AVAILABILITY,domains.list,2023-01-28 16:32:04.135316
www.spidersboats.com,AVAILABILITY,domains.list,2023-01-28 16:32:04.746251
www.sombersurprise.com,AVAILABILITY,domains.list,2023-01-28 16:32:05.333477
www.spirebaboon.com,AVAILABILITY,domains.list,2023-01-28 16:32:05.882400
www.spiffymachine.com,AVAILABILITY,domains.list,2023-01-28 16:32:06.398186
www.springaftermath.com,AVAILABILITY,domains.list,2023-01-28 16:32:06.972352
www.spotscenered.info,AVAILABILITY,domains.list,2023-01-28 16:32:07.426626
www.spywords.com,AVAILABILITY,domains.list,2023-01-28 16:32:08.639041
www.spurioussteam.com,AVAILABILITY,domains.list,2023-01-28 16:32:09.238677
www.squirrelhands.com,AVAILABILITY,domains.list,2023-01-28 16:32:09.728209
www.stakingscrew.com,AVAILABILITY,domains.list,2023-01-28 16:32:10.268546
www.srvtrck.com,AVAILABILITY,domains.list,2023-01-28 16:32:10.782979
www.stakingslope.com,AVAILABILITY,domains.list,2023-01-28 16:32:11.362770
www.statserv.net,AVAILABILITY,domains.list,2023-01-28 16:32:11.805330
www.standingnest.com,AVAILABILITY,domains.list,2023-01-28 16:32:12.275874
www.stat-track.com,AVAILABILITY,domains.list,2023-01-28 16:32:12.639452
www.stalesummer.com,AVAILABILITY,domains.list,2023-01-28 16:32:13.098531
www.steadfastsound.com,AVAILABILITY,domains.list,2023-01-28 16:32:13.644252
www.stiffgame.com,AVAILABILITY,domains.list,2023-01-28 16:32:14.265532
www.stickssheep.com,AVAILABILITY,domains.list,2023-01-28 16:32:14.715624
www.steadfastsystem.com,AVAILABILITY,domains.list,2023-01-28 16:32:15.213859
www.stormyachiever.com,AVAILABILITY,domains.list,2023-01-28 16:32:15.687595
www.stepplane.com,AVAILABILITY,domains.list,2023-01-28 16:32:16.128392
www.storesurprise.com,AVAILABILITY,domains.list,2023-01-28 16:32:16.669103
www.stoveseashore.com,AVAILABILITY,domains.list,2023-01-28 16:32:17.202531
www.straightnest.com,AVAILABILITY,domains.list,2023-01-28 16:32:17.622718
www.stripedburst.com,AVAILABILITY,domains.list,2023-01-28 16:32:18.111546
www.strivesidewalk.com,AVAILABILITY,domains.list,2023-01-28 16:32:18.655956
www.structurerod.com,AVAILABILITY,domains.list,2023-01-28 16:32:19.170398
www.stupendoussleet.com,AVAILABILITY,domains.list,2023-01-28 16:32:19.689567
www.succeedscene.com,AVAILABILITY,domains.list,2023-01-28 16:32:20.141219
www.suddensidewalk.com,AVAILABILITY,domains.list,2023-01-28 16:32:20.608856
www.sugarcurtain.com,AVAILABILITY,domains.list,2023-01-28 16:32:21.081712
www.sulkybutter.com,AVAILABILITY,domains.list,2023-01-28 16:32:21.574532
www.summerobject.com,AVAILABILITY,domains.list,2023-01-28 16:32:22.082776
www.superficialsquare.com,AVAILABILITY,domains.list,2023-01-28 16:32:22.510216
www.swan-swan-goose.com,AVAILABILITY,domains.list,2023-01-28 16:32:22.877966
www.swimslope.com,AVAILABILITY,domains.list,2023-01-28 16:32:23.331369
www.swordgoose.com,AVAILABILITY,domains.list,2023-01-28 16:32:23.794059
www.tawdryson.com,AVAILABILITY,domains.list,2023-01-28 16:32:24.460683
www.tangibleteam.com,AVAILABILITY,domains.list,2023-01-28 16:32:24.975082
www.talentedsteel.com,AVAILABILITY,domains.list,2023-01-28 16:32:25.527629
www.tastefulsongs.com,AVAILABILITY,domains.list,2023-01-28 16:32:25.946138
www.tedioustooth.com,AVAILABILITY,domains.list,2023-01-28 16:32:26.359783
www.teethfan.com,AVAILABILITY,domains.list,2023-01-28 16:32:26.891729
www.teenyvolcano.com,AVAILABILITY,domains.list,2023-01-28 16:32:27.458004
www.tendertest.com,AVAILABILITY,domains.list,2023-01-28 16:32:27.956508
www.terriblethumb.com,AVAILABILITY,domains.list,2023-01-28 16:32:28.427765
www.the-ozone-project.com,AVAILABILITY,domains.list,2023-01-28 16:32:28.791133
www.thirdrespect.com,AVAILABILITY,domains.list,2023-01-28 16:32:29.253216
www.thomastorch.com,AVAILABILITY,domains.list,2023-01-28 16:32:29.834101
www.threechurch.com,AVAILABILITY,domains.list,2023-01-28 16:32:30.375734
www.thinkablerice.com,AVAILABILITY,domains.list,2023-01-28 16:32:30.845563
www.thirstytwig.com,AVAILABILITY,domains.list,2023-01-28 16:32:31.337973
www.throattrees.com,AVAILABILITY,domains.list,2023-01-28 16:32:31.771839
www.tkbo.com,AVAILABILITY,domains.list,2023-01-28 16:32:32.420293
www.ticklesign.com,AVAILABILITY,domains.list,2023-01-28 16:32:32.886000
www.toecircle.com,AVAILABILITY,domains.list,2023-01-28 16:32:33.327683
www.toothbrushnote.com,AVAILABILITY,domains.list,2023-01-28 16:32:33.829654
www.traffic-redirecting.com,AVAILABILITY,domains.list,2023-01-28 16:32:34.191348
www.trackedweb.net,AVAILABILITY,domains.list,2023-01-28 16:32:34.773996
www.trafficspaces.net,AVAILABILITY,domains.list,2023-01-28 16:32:37.047064
www.trafficrouter.io,AVAILABILITY,domains.list,2023-01-28 16:32:37.742369
www.tranquilside.com,AVAILABILITY,domains.list,2023-01-28 16:32:38.322133
www.trafficstrategies.com,AVAILABILITY,domains.list,2023-01-28 16:32:38.857949
www.tremendoustime.com,AVAILABILITY,domains.list,2023-01-28 16:32:39.335767
www.trcklion.com,AVAILABILITY,domains.list,2023-01-28 16:32:39.778092
www.tremorhub.com,AVAILABILITY,domains.list,2023-01-28 16:32:40.253153
www.trickycelery.com,AVAILABILITY,domains.list,2023-01-28 16:32:40.692838
www.trk42.net,AVAILABILITY,domains.list,2023-01-28 16:32:41.343773
www.trkn.us,AVAILABILITY,domains.list,2023-01-28 16:32:41.856870
www.truckstomatoes.com,AVAILABILITY,domains.list,2023-01-28 16:32:42.326991
www.trknths.com,AVAILABILITY,domains.list,2023-01-28 16:32:42.813042
www.tsyndicate.com,AVAILABILITY,domains.list,2023-01-28 16:32:43.272164
www.tsyndicate.net,AVAILABILITY,domains.list,2023-01-28 16:32:43.751578
www.typicalteeth.com,AVAILABILITY,domains.list,2023-01-28 16:32:44.211000
www.ultraoranges.com,AVAILABILITY,domains.list,2023-01-28 16:32:44.720820
www.unarmedindustry.com,AVAILABILITY,domains.list,2023-01-28 16:32:45.304937
www.unwieldyhealth.com,AVAILABILITY,domains.list,2023-01-28 16:32:45.762161
www.untidyquestion.com,AVAILABILITY,domains.list,2023-01-28 16:32:46.203568
www.unknowntray.com,AVAILABILITY,domains.list,2023-01-28 16:32:46.833657
www.unusualtitle.com,AVAILABILITY,domains.list,2023-01-28 16:32:47.407879
www.verblife-5.co,AVAILABILITY,domains.list,2023-01-28 16:32:47.786267
www.unwrittenspot.com,AVAILABILITY,domains.list,2023-01-28 16:32:48.298423
www.uttermosthobbies.com,AVAILABILITY,domains.list,2023-01-28 16:32:48.765651
www.vanfireworks.com,AVAILABILITY,domains.list,2023-01-28 16:32:49.266942
www.voicevegetable.com,AVAILABILITY,domains.list,2023-01-28 16:32:49.694711
www.voodoo-ads.io,AVAILABILITY,domains.list,2023-01-28 16:32:50.087115
www.volvelle.tech,AVAILABILITY,domains.list,2023-01-28 16:32:50.539381
www.waryfog.com,AVAILABILITY,domains.list,2023-01-28 16:32:51.110951
www.wearbasin.com,AVAILABILITY,domains.list,2023-01-28 16:32:51.569404
www.wateryvan.com,AVAILABILITY,domains.list,2023-01-28 16:32:52.168058
www.webcontentassessor.com,AVAILABILITY,domains.list,2023-01-28 16:32:52.662227
www.web-redirecting.com,AVAILABILITY,domains.list,2023-01-28 16:32:53.052655
www.webtracky.com,AVAILABILITY,domains.list,2023-01-28 16:32:53.637069
www.webtracker.jp,AVAILABILITY,domains.list,2023-01-28 16:32:54.390067
www.wellmadefrog.com,AVAILABILITY,domains.list,2023-01-28 16:32:54.851542
www.whirlwealth.com,AVAILABILITY,domains.list,2023-01-28 16:32:55.405783
www.whiskyqueue.com,AVAILABILITY,domains.list,2023-01-28 16:32:55.840383
www.whisperingcrib.com,AVAILABILITY,domains.list,2023-01-28 16:32:56.287188
www.wirecomic.com,AVAILABILITY,domains.list,2023-01-28 16:32:56.733020
www.wonderlandads.com,AVAILABILITY,domains.list,2023-01-28 16:33:14.644538
www.womanear.com,AVAILABILITY,domains.list,2023-01-28 16:33:30.067364
www.wryfinger.com,AVAILABILITY,domains.list,2023-01-28 16:33:50.475619
www.xfreeservice.com,AVAILABILITY,domains.list,2023-01-28 16:34:10.890978
www.worriednumber.com,AVAILABILITY,domains.list,2023-01-28 16:34:22.010781
www.xplusone.com,AVAILABILITY,domains.list,2023-01-28 16:42:44.690064
www.xxxmyself.com,AVAILABILITY,domains.list,2023-01-28 16:42:45.142579
www.yieldads.com,AVAILABILITY,domains.list,2023-01-28 16:42:45.669255
www.xovq5nemr.com,AVAILABILITY,domains.list,2023-01-28 16:42:46.199050
www.zbwp6ghm.com,AVAILABILITY,domains.list,2023-01-28 16:42:46.717845
www.ymetrica1.com,AVAILABILITY,domains.list,2023-01-28 16:42:47.431370
www.zealousfield.com,AVAILABILITY,domains.list,2023-01-28 16:42:47.909810
www.zenkreka.com,AVAILABILITY,domains.list,2023-01-28 16:42:48.427046
www.zlp6s.pw,AVAILABILITY,domains.list,2023-01-28 16:42:48.974812
www.zqtk.net,AVAILABILITY,domains.list,2023-01-28 16:42:49.504721
ad.seznam.cz,AVAILABILITY,domains.list,2023-01-28 16:42:51.376023
adv.mezon.ru,AVAILABILITY,domains.list,2023-01-28 16:42:55.386112
reklama.reflektor.cz,AVAILABILITY,domains.list,2023-01-28 16:42:56.696369
adsrv.swidnica24.pl,AVAILABILITY,domains.list,2023-01-28 16:42:57.140696
line.jzs001.cn,AVAILABILITY,domains.list,2023-01-28 16:43:01.673685
ads.bonniercorp.com,AVAILABILITY,domains.list,2023-01-28 16:43:02.232910
ads2.opensubtitles.org,AVAILABILITY,domains.list,2023-01-28 16:43:02.706260
50,AVAILABILITY,domains.list,2023-01-28 16:43:03.161040
www.fallaciousfifth.com,AVAILABILITY,domains.list,2023-01-28 16:43:03.683640
www.aloofvest.com,AVAILABILITY,domains.list,2023-01-28 16:43:04.150262
www.at-o.net,AVAILABILITY,domains.list,2023-01-28 16:43:04.533272
www.kompasads.com,AVAILABILITY,domains.list,2023-01-28 16:43:04.987218
www.storetail.io,AVAILABILITY,domains.list,2023-01-28 16:43:05.563030
<,AVAILABILITY,domains.list,2023-01-28 16:43:05.989378
--,AVAILABILITY,domains.list,2023-01-28 16:43:06.398872
-,AVAILABILITY,domains.list,2023-01-28 16:43:06.803745
ad.intl.xiaomi.com,AVAILABILITY,domains.list,2023-01-28 16:43:07.374471
ad.xiaomi.com,AVAILABILITY,domains.list,2023-01-28 16:43:08.141716
adserver.hardsextube.com,AVAILABILITY,domains.list,2023-01-28 16:43:08.679665
ads.zdnet.com,AVAILABILITY,domains.list,2023-01-28 16:43:09.189986
adsrv.eacdn.com,AVAILABILITY,domains.list,2023-01-28 16:43:09.857404
api.jetlore.com,AVAILABILITY,domains.list,2023-01-28 16:43:10.316962
clickwith.bid,AVAILABILITY,domains.list,2023-01-28 16:43:10.753986
media.ftv-publicite.fr,AVAILABILITY,domains.list,2023-01-28 16:43:11.123728
pgl.example0101,AVAILABILITY,domains.list,2023-01-28 16:43:11.611314
measure.office.com,AVAILABILITY,domains.list,2023-01-28 16:43:12.145753
ad.way.cz,AVAILABILITY,domains.list,2023-01-28 16:43:13.793258
ad.100.tbn.ru,AVAILABILITY,domains.list,2023-01-28 16:43:14.770970
ad.tbn.ru,AVAILABILITY,domains.list,2023-01-28 16:43:15.492759
ads.glispa.com,AVAILABILITY,domains.list,2023-01-28 16:43:16.002893
tracking.lenddom.com,AVAILABILITY,domains.list,2023-01-28 16:43:16.466661
ad.reunion.com,AVAILABILITY,domains.list,2023-01-28 16:43:16.943541
ad.ilove.ch,AVAILABILITY,domains.list,2023-01-28 16:43:17.531850
banners.golfasian.com,AVAILABILITY,domains.list,2023-01-28 16:43:17.962806
ads.clearchannel.com,AVAILABILITY,domains.list,2023-01-28 16:43:18.444161
ads4.clearchannel.com,AVAILABILITY,domains.list,2023-01-28 16:43:19.020017
matomo.oka-zakaz.ru,AVAILABILITY,domains.list,2023-01-28 16:43:19.389618
track.undressingpics.work,AVAILABILITY,domains.list,2023-01-28 16:43:19.862656
ad.freecity.de,AVAILABILITY,domains.list,2023-01-28 16:43:21.592599
ads.freecity.de,AVAILABILITY,domains.list,2023-01-28 16:43:22.552505
ads.gawker.com,AVAILABILITY,domains.list,2023-01-28 16:43:23.013020
adserver.freecity.de,AVAILABILITY,domains.list,2023-01-28 16:43:24.240286
track.gawker.com,AVAILABILITY,domains.list,2023-01-28 16:43:24.647740
mtrcs.samba.tv,AVAILABILITY,domains.list,2023-01-28 16:43:25.055901
pgl.example.com,AVAILABILITY,domains.list,2023-01-28 16:43:25.463487
blocklist,AVAILABILITY,domains.list,2023-01-28 16:43:25.933301
of,AVAILABILITY,domains.list,2023-01-28 16:43:26.376385
hostnames,AVAILABILITY,domains.list,2023-01-28 16:43:26.862587
and,AVAILABILITY,domains.list,2023-01-28 16:43:27.294495
for,AVAILABILITY,domains.list,2023-01-28 16:43:27.739107
blocking,AVAILABILITY,domains.list,2023-01-28 16:43:28.213316
"ads,",AVAILABILITY,domains.list,2023-01-28 16:43:28.611812
(format:,AVAILABILITY,domains.list,2023-01-28 16:43:29.007072
others,AVAILABILITY,domains.list,2023-01-28 16:43:29.457839
in,AVAILABILITY,domains.list,2023-01-28 16:43:29.896634
format)<,AVAILABILITY,domains.list,2023-01-28 16:43:30.291619
(rss,AVAILABILITY,domains.list,2023-01-28 16:43:30.705166
hosts,AVAILABILITY,domains.list,2023-01-28 16:43:31.155092
trackers,AVAILABILITY,domains.list,2023-01-28 16:43:31.588378
"added)""",AVAILABILITY,domains.list,2023-01-28 16:43:31.978323
"banners,",AVAILABILITY,domains.list,2023-01-28 16:43:32.363330
"blocking,",AVAILABILITY,domains.list,2023-01-28 16:43:32.758833
adserver.madeby.ws,AVAILABILITY,domains.list,2023-01-28 16:43:33.350833
ad.jamba.net,AVAILABILITY,domains.list,2023-01-28 16:43:43.234884
ad.jamster.co.uk,AVAILABILITY,domains.list,2023-01-28 16:43:52.866111
record.affiliates.karjalakasino.com,AVAILABILITY,domains.list,2023-01-28 16:43:54.055230
ads.samsung.com,AVAILABILITY,domains.list,2023-01-28 16:43:55.128270
ads.canalblog.com,AVAILABILITY,domains.list,2023-01-28 16:43:56.037757
ads.exactdrive.com,AVAILABILITY,domains.list,2023-01-30 11:50:36.598932
banner.nixnet.cz,AVAILABILITY,domains.list,2023-01-30 11:50:40.091825
domains,AVAILABILITY,domains.list,2023-01-30 11:50:40.692541
stat.xiaomi.com,AVAILABILITY,domains.list,2023-01-30 11:50:41.299958
ffxcam.fairfax.com.au,AVAILABILITY,domains.list,2023-01-30 11:50:41.826519
popunhot1.blogspot.com,AVAILABILITY,domains.list,2023-01-30 11:50:42.561839
ad.pandora.tv,AVAILABILITY,domains.list,2023-01-30 11:50:43.022433
adservrs.com.edgekey.net,AVAILABILITY,domains.list,2023-01-30 11:50:43.519831
<body>,AVAILABILITY,domains.list,2023-01-30 11:50:43.886671
"file,",AVAILABILITY,domains.list,2023-01-30 11:50:44.269613
"format)"">",AVAILABILITY,domains.list,2023-01-30 11:50:44.627830
format),AVAILABILITY,domains.list,2023-01-30 11:50:44.991902
<head>,AVAILABILITY,domains.list,2023-01-30 11:50:45.384834
href=',AVAILABILITY,domains.list,2023-01-30 11:50:45.750476
"href=""rss",AVAILABILITY,domains.list,2023-01-30 11:50:46.122998
lowe,AVAILABILITY,domains.list,2023-01-30 11:50:46.567464
<html>,AVAILABILITY,domains.list,2023-01-30 11:50:46.934473
last,AVAILABILITY,domains.list,2023-01-30 11:50:47.363491
<link,AVAILABILITY,domains.list,2023-01-30 11:50:47.733555
file,AVAILABILITY,domains.list,2023-01-30 11:50:48.149882
rel=alternate,AVAILABILITY,domains.list,2023-01-30 11:50:48.511714
"type=""application",AVAILABILITY,domains.list,2023-01-30 11:50:48.877188
rel='stylesheet',AVAILABILITY,domains.list,2023-01-30 11:50:49.248568
<meta,AVAILABILITY,domains.list,2023-01-30 11:50:49.612730
"name=""author""",AVAILABILITY,domains.list,2023-01-30 11:50:49.971916
"value=""peter",AVAILABILITY,domains.list,2023-01-30 11:50:50.343298
"name=""description""",AVAILABILITY,domains.list,2023-01-30 11:50:50.703980
"value=""blocklist",AVAILABILITY,domains.list,2023-01-30 11:50:51.058444
"value=""ad",AVAILABILITY,domains.list,2023-01-30 11:50:51.423471
"name=""keywords""",AVAILABILITY,domains.list,2023-01-30 11:50:51.774911
"servers,",AVAILABILITY,domains.list,2023-01-30 11:50:52.134010
"trackers,",AVAILABILITY,domains.list,2023-01-30 11:50:52.489880
"pgl@yoyo.org"">",AVAILABILITY,domains.list,2023-01-30 11:50:52.848824
"privacy"">",AVAILABILITY,domains.list,2023-01-30 11:50:53.226356
<p><pre>,AVAILABILITY,domains.list,2023-01-30 11:50:53.582659
<title>,AVAILABILITY,domains.list,2023-01-30 11:50:53.966167
"title=""blocklist",AVAILABILITY,domains.list,2023-01-30 11:50:54.334482
type='text,AVAILABILITY,domains.list,2023-01-30 11:50:54.690476
ad,AVAILABILITY,domains.list,2023-01-30 11:50:55.596289
www.1rx.io,AVAILABILITY,domains.list,2023-01-30 11:50:55.993776
www.2znp09oa.com,AVAILABILITY,domains.list,2023-01-30 11:50:56.422600
www.2mdn.net,AVAILABILITY,domains.list,2023-01-30 11:50:56.818889
www.3lift.com,AVAILABILITY,domains.list,2023-01-30 11:50:57.244701
www.6sc.co,AVAILABILITY,domains.list,2023-01-30 11:50:57.660060
www.6ldu6qa.com,AVAILABILITY,domains.list,2023-01-30 11:50:58.159490
www.5mcwl.pw,AVAILABILITY,domains.list,2023-01-30 11:50:58.761802
www.82o9v830.com,AVAILABILITY,domains.list,2023-01-30 11:50:59.230940
www.4jnzhl0d0.com,AVAILABILITY,domains.list,2023-01-30 11:50:59.749843
www.518ad.com,AVAILABILITY,domains.list,2023-01-30 11:51:01.147501
www.aaxads.com,AVAILABILITY,domains.list,2023-01-30 11:51:01.569132
www.abandonedaction.com,AVAILABILITY,domains.list,2023-01-30 11:51:02.052907
www.abackchain.com,AVAILABILITY,domains.list,2023-01-30 11:51:02.542172
www.aboardlevel.com,AVAILABILITY,domains.list,2023-01-30 11:51:03.023353
www.abruptroad.com,AVAILABILITY,domains.list,2023-01-30 11:51:03.451370
www.absentstream.com,AVAILABILITY,domains.list,2023-01-30 11:51:03.930251
www.absorbingband.com,AVAILABILITY,domains.list,2023-01-30 11:51:04.387388
www.absurdwater.com,AVAILABILITY,domains.list,2023-01-30 11:51:04.791367
www.actuallysheep.com,AVAILABILITY,domains.list,2023-01-30 11:51:05.251950
www.acridtwist.com,AVAILABILITY,domains.list,2023-01-30 11:51:05.673587
www.ad.altervista.org,AVAILABILITY,domains.list,2023-01-30 11:51:06.993029
www.ad-balancer.net,AVAILABILITY,domains.list,2023-01-30 11:51:07.332953
www.actuallysnake.com,AVAILABILITY,domains.list,2023-01-30 11:51:07.815532
www.adaranth.com,AVAILABILITY,domains.list,2023-01-30 11:51:08.287900
www.adbrn.com,AVAILABILITY,domains.list,2023-01-30 11:51:08.922701
www.ad-delivery.net,AVAILABILITY,domains.list,2023-01-30 11:51:09.250825
www.adform.net,AVAILABILITY,domains.list,2023-01-30 11:51:09.713996
www.adformdsp.net,AVAILABILITY,domains.list,2023-01-30 11:51:10.333825
www.adhaven.com,AVAILABILITY,domains.list,2023-01-30 11:51:10.753382
www.admarvel.com,AVAILABILITY,domains.list,2023-01-30 11:51:11.239143
www.adserve.io,AVAILABILITY,domains.list,2023-01-30 11:51:11.735755
www.ads.cc,AVAILABILITY,domains.list,2023-01-30 11:51:12.200560
www.adsfac.net,AVAILABILITY,domains.list,2023-01-30 11:51:12.744796
www.ads1-adnow.com,AVAILABILITY,domains.list,2023-01-30 11:51:13.105851
www.ads3-adnow.com,AVAILABILITY,domains.list,2023-01-30 11:51:13.432411
www.adsfac.us,AVAILABILITY,domains.list,2023-01-30 11:51:13.899480
www.adsfactor.net,AVAILABILITY,domains.list,2023-01-30 11:51:14.364457
www.adspsp.com,AVAILABILITY,domains.list,2023-01-30 11:51:14.775707
www.ads-twitter.com,AVAILABILITY,domains.list,2023-01-30 11:51:15.106221
www.adtng.com,AVAILABILITY,domains.list,2023-01-30 11:51:15.521998
www.advertisementafterthought.com,AVAILABILITY,domains.list,2023-01-30 11:51:15.962921
www.aheadday.com,AVAILABILITY,domains.list,2023-01-30 11:51:16.466221
www.agreeablestew.com,AVAILABILITY,domains.list,2023-01-30 11:51:16.896053
www.ak0gsh40.com,AVAILABILITY,domains.list,2023-01-30 11:51:17.393699
www.aistat.net,AVAILABILITY,domains.list,2023-01-30 11:51:17.871779
www.alexametrics.com,AVAILABILITY,domains.list,2023-01-30 11:51:18.306923
www.ambiguousquilt.com,AVAILABILITY,domains.list,2023-01-30 11:51:18.777804
www.amazon-adsystem.com,AVAILABILITY,domains.list,2023-01-30 11:51:19.120582
www.ambitiousagreement.com,AVAILABILITY,domains.list,2023-01-30 11:51:19.628402
www.apathetictheory.com,AVAILABILITY,domains.list,2023-01-30 11:51:20.096662
www.annoyedairport.com,AVAILABILITY,domains.list,2023-01-30 11:51:20.548724
www.appboycdn.com,AVAILABILITY,domains.list,2023-01-30 11:51:20.972340
www.anxiousapples.com,AVAILABILITY,domains.list,2023-01-30 11:51:21.427891
www.apolloprogram.io,AVAILABILITY,domains.list,2023-01-30 11:51:21.823106
www.aralego.com,AVAILABILITY,domains.list,2023-01-30 11:51:22.277456
www.ar1nvz5.com,AVAILABILITY,domains.list,2023-01-30 11:51:22.873970
www.aquaticowl.com,AVAILABILITY,domains.list,2023-01-30 11:51:23.424591
www.aromamirror.com,AVAILABILITY,domains.list,2023-01-30 11:51:23.839039
www.aswpapius.com,AVAILABILITY,domains.list,2023-01-30 11:51:24.272383
www.archswimming.com,AVAILABILITY,domains.list,2023-01-30 11:51:24.747138
www.argyresthia.com,AVAILABILITY,domains.list,2023-01-30 11:51:25.144856
www.attractiveafternoon.com,AVAILABILITY,domains.list,2023-01-30 11:51:25.703481
www.asewlfjqwlflkew.com,AVAILABILITY,domains.list,2023-01-30 11:51:26.128051
www.aswpsdkus.com,AVAILABILITY,domains.list,2023-01-30 11:51:26.621359
www.awakebird.com,AVAILABILITY,domains.list,2023-01-30 11:51:27.112050
www.automaticflock.com,AVAILABILITY,domains.list,2023-01-30 11:51:27.570298
www.atwola.com,AVAILABILITY,domains.list,2023-01-30 11:51:27.965319
www.attribution.report,AVAILABILITY,domains.list,2023-01-30 11:51:28.543349
www.axiomaticalley.com,AVAILABILITY,domains.list,2023-01-30 11:51:28.999893
www.barbarousnerve.com,AVAILABILITY,domains.list,2023-01-30 11:51:29.516084
www.awzbijw.com,AVAILABILITY,domains.list,2023-01-30 11:51:29.971039
www.balloontexture.com,AVAILABILITY,domains.list,2023-01-30 11:51:30.386203
www.baskettexture.com,AVAILABILITY,domains.list,2023-01-30 11:51:30.895190
www.bawdybeast.com,AVAILABILITY,domains.list,2023-01-30 11:51:31.358228
www.baypops.com,AVAILABILITY,domains.list,2023-01-30 11:51:31.942476
www.batbuilding.com,AVAILABILITY,domains.list,2023-01-30 11:51:32.378554
www.beamincrease.com,AVAILABILITY,domains.list,2023-01-30 11:51:32.860659
www.bewilderedblade.com,AVAILABILITY,domains.list,2023-01-30 11:51:33.340645
www.bestboundary.com,AVAILABILITY,domains.list,2023-01-30 11:51:33.803925
www.bhcumsc.com,AVAILABILITY,domains.list,2023-01-30 11:51:34.263441
www.blushingbeast.com,AVAILABILITY,domains.list,2023-01-30 11:51:34.685433
www.bidr.io,AVAILABILITY,domains.list,2023-01-30 11:51:35.134650
www.bigreal.org,AVAILABILITY,domains.list,2023-01-30 11:51:35.603986
www.boilingbeetle.com,AVAILABILITY,domains.list,2023-01-30 11:51:36.031066
www.boilingumbrella.com,AVAILABILITY,domains.list,2023-01-30 11:51:36.450353
www.boredcrown.com,AVAILABILITY,domains.list,2023-01-30 11:51:36.904547
www.blushingboundary.com,AVAILABILITY,domains.list,2023-01-30 11:51:37.356262
www.boudja.com,AVAILABILITY,domains.list,2023-01-30 11:51:37.798902
www.boringcoat.com,AVAILABILITY,domains.list,2023-01-30 11:51:38.227105
www.broadboundary.com,AVAILABILITY,domains.list,2023-01-30 11:51:38.653159
www.broadcastbed.com,AVAILABILITY,domains.list,2023-01-30 11:51:39.103214
www.btrll.com,AVAILABILITY,domains.list,2023-01-30 11:51:39.894200
www.broaddoor.com,AVAILABILITY,domains.list,2023-01-30 11:51:40.385788
www.bucketbean.com,AVAILABILITY,domains.list,2023-01-30 11:51:40.944556
www.businessbells.com,AVAILABILITY,domains.list,2023-01-30 11:51:41.529984
www.btez8.xyz,AVAILABILITY,domains.list,2023-01-30 11:51:42.107304
www.calculatorcamera.com,AVAILABILITY,domains.list,2023-01-30 11:51:42.646244
www.calculatingcircle.com,AVAILABILITY,domains.list,2023-01-30 11:51:43.052923
www.bustlinganimal.com,AVAILABILITY,domains.list,2023-01-30 11:51:43.479077
www.calculatingtoothbrush.com,AVAILABILITY,domains.list,2023-01-30 11:51:43.884174
www.calmcactus.com,AVAILABILITY,domains.list,2023-01-30 11:51:44.292997
www.callousbrake.com,AVAILABILITY,domains.list,2023-01-30 11:51:44.731323
www.capablecows.com,AVAILABILITY,domains.list,2023-01-30 11:51:45.145670
www.cashstaging.me,AVAILABILITY,domains.list,2023-01-30 11:51:45.610101
www.cashstaging.app,AVAILABILITY,domains.list,2023-01-30 11:51:46.136688
www.chairscrack.com,AVAILABILITY,domains.list,2023-01-30 11:51:46.715296
www.causecherry.com,AVAILABILITY,domains.list,2023-01-30 11:51:47.277522
www.chewcoat.com,AVAILABILITY,domains.list,2023-01-30 11:51:47.717476
www.chickensstation.com,AVAILABILITY,domains.list,2023-01-30 11:51:48.187619
www.chinsnakes.com,AVAILABILITY,domains.list,2023-01-30 11:51:48.632479
www.cheerfulrange.com,AVAILABILITY,domains.list,2023-01-30 11:51:49.154468
www.clickwith.bid,AVAILABILITY,domains.list,2023-01-30 11:51:49.617678
www.clickhype.com,AVAILABILITY,domains.list,2023-01-30 11:51:50.902643
www.cloisteredhydrant.com,AVAILABILITY,domains.list,2023-01-30 11:51:51.372106
www.commonswing.com,AVAILABILITY,domains.list,2023-01-30 11:51:51.863268
www.cmvrclicks000.com,AVAILABILITY,domains.list,2023-01-30 11:51:52.367664
www.comfortablecheese.com,AVAILABILITY,domains.list,2023-01-30 11:51:52.788707
www.completecabbage.com,AVAILABILITY,domains.list,2023-01-30 11:51:53.251982
www.concernedcondition.com,AVAILABILITY,domains.list,2023-01-30 11:51:53.661606
www.complextoad.com,AVAILABILITY,domains.list,2023-01-30 11:51:54.088799
www.consciouschairs.com,AVAILABILITY,domains.list,2023-01-30 11:51:54.525742
www.coordinatedcub.com,AVAILABILITY,domains.list,2023-01-30 11:51:54.975417
www.copperchickens.com,AVAILABILITY,domains.list,2023-01-30 11:51:55.442820
www.copycarpenter.com,AVAILABILITY,domains.list,2023-01-30 11:51:55.838429
www.cpx.to,AVAILABILITY,domains.list,2023-01-30 11:51:56.242386
www.copyrightaccesscontrols.com,AVAILABILITY,domains.list,2023-01-30 11:51:56.707279
www.crabbychin.com,AVAILABILITY,domains.list,2023-01-30 11:51:57.157278
www.crawlclocks.com,AVAILABILITY,domains.list,2023-01-30 11:51:57.646493
www.criteo.net,AVAILABILITY,domains.list,2023-01-30 11:51:58.141439
www.crsspxl.com,AVAILABILITY,domains.list,2023-01-30 11:51:58.616378
www.critictruck.com,AVAILABILITY,domains.list,2023-01-30 11:51:59.103370
www.cumbersomecloud.com,AVAILABILITY,domains.list,2023-01-30 11:51:59.665817
www.cutecushion.com,AVAILABILITY,domains.list,2023-01-30 11:52:00.114375
www.curtaincows.com,AVAILABILITY,domains.list,2023-01-30 11:52:00.535069
www.cuteturkey.com,AVAILABILITY,domains.list,2023-01-30 11:52:00.999618
www.culturedcrayon.com,AVAILABILITY,domains.list,2023-01-30 11:52:01.452725
www.dancemistake.com,AVAILABILITY,domains.list,2023-01-30 11:52:01.924133
www.dapper.net,AVAILABILITY,domains.list,2023-01-30 11:52:03.271828
www.damdoor.com,AVAILABILITY,domains.list,2023-01-30 11:52:03.822139
www.dashingdirt.com,AVAILABILITY,domains.list,2023-01-30 11:52:04.362633
www.de17a.com,AVAILABILITY,domains.list,2023-01-30 11:52:04.768035
www.dashingsweater.com,AVAILABILITY,domains.list,2023-01-30 11:52:05.232140
www.dc-storm.com,AVAILABILITY,domains.list,2023-01-30 11:52:05.589727
www.debonairway.com,AVAILABILITY,domains.list,2023-01-30 11:52:06.171791
www.decisivedrawer.com,AVAILABILITY,domains.list,2023-01-30 11:52:06.608625
www.defectivesun.com,AVAILABILITY,domains.list,2023-01-30 11:52:07.025938
www.deadpantruck.com,AVAILABILITY,domains.list,2023-01-30 11:52:07.487494
www.decoycreation.com,AVAILABILITY,domains.list,2023-01-30 11:52:07.917407
www.decisiveducks.com,AVAILABILITY,domains.list,2023-01-30 11:52:08.365434
www.delegatediscussion.com,AVAILABILITY,domains.list,2023-01-30 11:52:08.832521
www.desertedrat.com,AVAILABILITY,domains.list,2023-01-30 11:52:09.288905
www.desertedbreath.com,AVAILABILITY,domains.list,2023-01-30 11:52:09.753112
www.deloplen.com,AVAILABILITY,domains.list,2023-01-30 11:52:10.192202
www.detectdiscovery.com,AVAILABILITY,domains.list,2023-01-30 11:52:10.610194
www.detailedglue.com,AVAILABILITY,domains.list,2023-01-30 11:52:11.085274
www.detailedgovernment.com,AVAILABILITY,domains.list,2023-01-30 11:52:11.646389
www.discreetfield.com,AVAILABILITY,domains.list,2023-01-30 11:52:12.097919
www.dispensablestranger.com,AVAILABILITY,domains.list,2023-01-30 11:52:12.545531
www.dk4ywix.com,AVAILABILITY,domains.list,2023-01-30 11:52:12.977654
www.districtm.io,AVAILABILITY,domains.list,2023-01-30 11:52:13.422080
www.domdex.com,AVAILABILITY,domains.list,2023-01-30 11:52:13.829909
www.docksalmon.com,AVAILABILITY,domains.list,2023-01-30 11:52:14.246120
www.doubtfulrainstorm.com,AVAILABILITY,domains.list,2023-01-30 11:52:14.706995
www.drabsize.com,AVAILABILITY,domains.list,2023-01-30 11:52:15.156314
www.drydrum.com,AVAILABILITY,domains.list,2023-01-30 11:52:15.619875
www.dq95d35.com,AVAILABILITY,domains.list,2023-01-30 11:52:16.060197
www.dragzebra.com,AVAILABILITY,domains.list,2023-01-30 11:52:16.586242
www.earthycopy.com,AVAILABILITY,domains.list,2023-01-30 11:52:17.075449
www.dsp.io,AVAILABILITY,domains.list,2023-01-30 11:52:17.610925
www.earthquakescarf.com,AVAILABILITY,domains.list,2023-01-30 11:52:18.048769
www.ecleneue.com,AVAILABILITY,domains.list,2023-01-30 11:52:18.549928
www.efficaciouscactus.com,AVAILABILITY,domains.list,2023-01-30 11:52:19.072483
www.elasticchange.com,AVAILABILITY,domains.list,2023-01-30 11:52:19.533695
www.economicpizzas.com,AVAILABILITY,domains.list,2023-01-30 11:52:20.003348
www.ejyymghi.com,AVAILABILITY,domains.list,2023-01-30 11:52:20.555619
www.ebuzzing.com,AVAILABILITY,domains.list,2023-01-30 11:52:21.076156
www.elderlyscissors.com,AVAILABILITY,domains.list,2023-01-30 11:52:21.599351
www.elephantqueue.com,AVAILABILITY,domains.list,2023-01-30 11:52:22.102706
www.elderlytown.com,AVAILABILITY,domains.list,2023-01-30 11:52:22.581012
www.emebo.io,AVAILABILITY,domains.list,2023-01-30 11:52:23.084771
www.encouragingwilderness.com,AVAILABILITY,domains.list,2023-01-30 11:52:23.534898
www.emptyescort.com,AVAILABILITY,domains.list,2023-01-30 11:52:24.010919
www.endurableshop.com,AVAILABILITY,domains.list,2023-01-30 11:52:24.492942
www.enormousearth.com,AVAILABILITY,domains.list,2023-01-30 11:52:24.982555
www.enthusiasticdad.com,AVAILABILITY,domains.list,2023-01-30 11:52:25.558490
www.energeticladybug.com,AVAILABILITY,domains.list,2023-01-30 11:52:26.024045
www.enviousthread.com,AVAILABILITY,domains.list,2023-01-30 11:52:26.448756
www.erne.co,AVAILABILITY,domains.list,2023-01-30 11:52:27.190686
www.evadavdsp.pro,AVAILABILITY,domains.list,2023-01-30 11:52:28.136474
www.exitexchange.com,AVAILABILITY,domains.list,2023-01-30 11:52:28.671876
www.exclusivebrass.com,AVAILABILITY,domains.list,2023-01-30 11:52:29.068455
www.eyeblaster.com,AVAILABILITY,domains.list,2023-01-30 11:52:29.513267
www.exosrv.com,AVAILABILITY,domains.list,2023-01-30 11:52:29.917163
www.fadedprofit.com,AVAILABILITY,domains.list,2023-01-30 11:52:30.462114
www.eyeviewads.com,AVAILABILITY,domains.list,2023-01-30 11:52:30.915415
www.famousquarter.com,AVAILABILITY,domains.list,2023-01-30 11:52:31.399345
www.facilitategrandfather.com,AVAILABILITY,domains.list,2023-01-30 11:52:31.881435
www.faracoon.com,AVAILABILITY,domains.list,2023-01-30 11:52:32.344691
www.fadedsnow.com,AVAILABILITY,domains.list,2023-01-30 11:52:32.838562
www.farmergoldfish.com,AVAILABILITY,domains.list,2023-01-30 11:52:33.286609
www.farethief.com,AVAILABILITY,domains.list,2023-01-30 11:52:33.811114
www.faultycanvas.com,AVAILABILITY,domains.list,2023-01-30 11:52:34.265651
www.fascinatedfeather.com,AVAILABILITY,domains.list,2023-01-30 11:52:34.709316
www.faultyfowl.com,AVAILABILITY,domains.list,2023-01-30 11:52:35.124716
www.fast-redirecting.com,AVAILABILITY,domains.list,2023-01-30 11:52:35.461541
www.feebleshock.com,AVAILABILITY,domains.list,2023-01-30 11:52:35.899459
www.feedjit.com,AVAILABILITY,domains.list,2023-01-30 11:52:36.351493
www.flakyfeast.com,AVAILABILITY,domains.list,2023-01-30 11:52:36.864796
www.flimsycircle.com,AVAILABILITY,domains.list,2023-01-30 11:52:37.301804
www.floodprincipal.com,AVAILABILITY,domains.list,2023-01-30 11:52:37.781533
www.fly-analytics.com,AVAILABILITY,domains.list,2023-01-30 11:52:38.121029
www.fourarithmetic.com,AVAILABILITY,domains.list,2023-01-30 11:52:38.666405
www.frailoffer.com,AVAILABILITY,domains.list,2023-01-30 11:52:39.136887
www.forkcdn.com,AVAILABILITY,domains.list,2023-01-30 11:52:39.600332
www.frightenedpotato.com,AVAILABILITY,domains.list,2023-01-30 11:52:40.032516
www.frtyk.com,AVAILABILITY,domains.list,2023-01-30 11:52:40.514444
www.functionalcrown.com,AVAILABILITY,domains.list,2023-01-30 11:52:41.024643
www.fuzzybasketball.com,AVAILABILITY,domains.list,2023-01-30 11:52:41.514749
www.futuristicfairies.com,AVAILABILITY,domains.list,2023-01-30 11:52:41.923322
www.futuristicapparatus.com,AVAILABILITY,domains.list,2023-01-30 11:52:42.454596
www.fuzzyflavor.com,AVAILABILITY,domains.list,2023-01-30 11:52:42.878096
www.fuzzyweather.com,AVAILABILITY,domains.list,2023-01-30 11:52:44.254201
www.gammamaximum.com,AVAILABILITY,domains.list,2023-01-30 11:52:44.677177
www.giddycoat.com,AVAILABILITY,domains.list,2023-01-30 11:52:45.267509
www.glossysense.com,AVAILABILITY,domains.list,2023-01-30 11:52:55.706327
www.globaltakeoff.net,AVAILABILITY,domains.list,2023-01-30 11:53:06.123436
www.go2affise.com,AVAILABILITY,domains.list,2023-01-30 11:53:06.567892
www.go-mpulse.net,AVAILABILITY,domains.list,2023-01-30 11:53:06.922194
www.googlesyndication.com,AVAILABILITY,domains.list,2023-01-30 11:53:08.761980
www.gondolagnome.com,AVAILABILITY,domains.list,2023-01-30 11:53:09.234255
www.gorgeousground.com,AVAILABILITY,domains.list,2023-01-30 11:53:09.725770
www.gotraffic.net,AVAILABILITY,domains.list,2023-01-30 11:53:10.129927
www.graizoah.com,AVAILABILITY,domains.list,2023-01-30 11:53:10.625260
www.gracefulsock.com,AVAILABILITY,domains.list,2023-01-30 11:53:11.106756
www.greyinstrument.com,AVAILABILITY,domains.list,2023-01-30 11:53:11.555211
www.greetzebra.com,AVAILABILITY,domains.list,2023-01-30 11:53:12.048984
www.gscontxt.net,AVAILABILITY,domains.list,2023-01-30 11:53:12.556505
www.guardedschool.com,AVAILABILITY,domains.list,2023-01-30 11:53:13.025624
www.h78xb.pw,AVAILABILITY,domains.list,2023-01-30 11:53:13.610824
www.habitualhumor.com,AVAILABILITY,domains.list,2023-01-30 11:53:14.042879
www.haltingbadge.com,AVAILABILITY,domains.list,2023-01-30 11:53:14.502021
www.hammerhearing.com,AVAILABILITY,domains.list,2023-01-30 11:53:14.943625
www.handyfield.com,AVAILABILITY,domains.list,2023-01-30 11:53:15.373493
www.hardtofindmilk.com,AVAILABILITY,domains.list,2023-01-30 11:53:15.896027
www.highfalutinroom.com,AVAILABILITY,domains.list,2023-01-30 11:53:26.314889
www.hfc195b.com,AVAILABILITY,domains.list,2023-01-30 11:53:36.711243
www.hdscout.com,AVAILABILITY,domains.list,2023-01-30 11:53:52.081325
www.hitfarm.com,AVAILABILITY,domains.list,2023-01-30 11:53:57.879878
www.historicalrequest.com,AVAILABILITY,domains.list,2023-01-30 11:53:58.404230
www.hilariouszinc.com,AVAILABILITY,domains.list,2023-01-30 11:53:58.921636
www.hocgeese.com,AVAILABILITY,domains.list,2023-01-30 11:54:14.310883
www.honeygoldfish.com,AVAILABILITY,domains.list,2023-01-30 11:54:17.885163
www.honorablehall.com,AVAILABILITY,domains.list,2023-01-30 11:54:18.318940
www.honorableland.com,AVAILABILITY,domains.list,2023-01-30 11:54:18.715645
www.hs-banner.com,AVAILABILITY,domains.list,2023-01-30 11:54:19.046427
www.hsadspixel.net,AVAILABILITY,domains.list,2023-01-30 11:54:19.888684
www.htlbid.com,AVAILABILITY,domains.list,2023-01-30 11:54:20.298352
www.hs-analytics.net,AVAILABILITY,domains.list,2023-01-30 11:54:20.630192
www.i1img.com,AVAILABILITY,domains.list,2023-01-30 11:54:36.009272
www.hurtteeth.com,AVAILABILITY,domains.list,2023-01-30 11:54:41.472462
www.iasds01.com,AVAILABILITY,domains.list,2023-01-30 11:54:41.906633
www.hystericalhelp.com,AVAILABILITY,domains.list,2023-01-30 11:54:42.352571
www.ilbanner.com,AVAILABILITY,domains.list,2023-01-30 11:54:44.197693
www.illfatedsnail.com,AVAILABILITY,domains.list,2023-01-30 11:54:44.610016
www.immensehoney.com,AVAILABILITY,domains.list,2023-01-30 11:54:45.082390
www.illustriousoatmeal.com,AVAILABILITY,domains.list,2023-01-30 11:54:47.337362
www.importedincrease.com,AVAILABILITY,domains.list,2023-01-30 11:54:49.347779
www.imrworldwide.com,AVAILABILITY,domains.list,2023-01-30 11:54:49.818226
www.impossibleexpansion.com,AVAILABILITY,domains.list,2023-01-30 11:54:50.330848
www.impulsehands.com,AVAILABILITY,domains.list,2023-01-30 11:54:50.783580
www.indexww.com,AVAILABILITY,domains.list,2023-01-30 11:54:51.275591
www.indexstats.com,AVAILABILITY,domains.list,2023-01-30 11:54:51.861360
www.innocentwax.com,AVAILABILITY,domains.list,2023-01-30 11:54:52.347125
www.inquisitiveinvention.com,AVAILABILITY,domains.list,2023-01-30 11:54:55.513171
www.instrumentsponge.com,AVAILABILITY,domains.list,2023-01-30 11:54:55.979591
www.insgly.net,AVAILABILITY,domains.list,2023-01-30 11:54:56.590949
www.intentmedia.com,AVAILABILITY,domains.list,2023-01-30 11:55:03.918216
www.inventionpassenger.com,AVAILABILITY,domains.list,2023-01-30 11:55:04.406042
www.invitesugar.com,AVAILABILITY,domains.list,2023-01-30 11:55:04.972804
www.ivwbox.de,AVAILABILITY,domains.list,2023-01-30 11:55:06.422674
www.ivykiosk.com,AVAILABILITY,domains.list,2023-01-30 11:55:06.849999
www.j93557g.com,AVAILABILITY,domains.list,2023-01-30 11:55:07.290803
www.jadeitite.com,AVAILABILITY,domains.list,2023-01-30 11:55:07.861397
